"id","name","yeartime"
1,AJ네트웍스,2020
2,AK홀딩스,2020
3,APS홀딩스,2020
4,AP시스템,2020
5,AP위성,2020
6,BGF,2020
7,BGF리테일,2020
8,BNK금융지주,2020
9,BYC,2020
10,CBI,2020
11,CJ CGV,2020
12,CJ ENM,2020
13,CJ,2020
14,CJ대한통운,2020
15,CJ씨푸드,2020
16,CJ제일제당,2020
17,CJ프레시웨이,2020
18,CMG제약,2020
19,CNH,2020
20,CNT85,2020
21,COWON,2020
22,CS,2020
23,CSA 코스믹,2020
24,CS홀딩스,2020
25,DB,2020
26,DB금융스팩8호,2020
27,DB금융스팩9호,2020
28,DB금융투자,2020
29,DB손해보험,2020
30,DB하이텍,2020
31,DGB금융지주,2020
32,DL,2020
33,DL건설,2020
34,DMS,2020
35,DRB동일,2020
36,DSC인베스트먼트,2020
37,DSR,2020
38,DSR제강,2020
39,E1,2020
40,EDGC,2020
41,EG,2020
42,EMW,2020
43,ES큐브,2020
44,GH신소재,2020
45,GKL,2020
46,GS,2020
47,GST,2020
48,GS건설,2020
49,GS글로벌,2020
50,GS리테일,2020
51,GV,2020
52,HB테크놀러지,2020
53,HDC,2020
54,HDC아이콘트롤스,2020
55,HDC현대EP,2020
56,HDC현대산업개발,2020
57,HMM,2020
58,HRS,2020
59,HSD엔진,2020
60,IBKS제12호스팩,2020
61,IBKS제13호스팩,2020
62,IBKS제14호스팩,2020
63,iMBC,2020
64,ISC,2020
65,ITX-AI,2020
66,JB금융지주,2020
67,JTC,2020
68,JW생명과학,2020
69,JW신약,2020
70,JW중외제약,2020
71,JW홀딩스,2020
72,JYP Ent.,2020
73,KBI메탈,2020
74,KB금융,2020
75,KB오토시스,2020
76,KCC건설,2020
77,KCI,2020
78,KC그린홀딩스,2020
79,KC코트렐,2020
80,KD,2020
81,KEC,2020
82,KG ETS,2020
83,KG동부제철,2020
84,KG모빌리언스,2020
85,KG이니시스,2020
86,KG케미칼,2020
87,KH E&T,2020
88,KH 일렉트론,2020
89,KH 필룩스,2020
90,KH바텍,2020
91,KISCO홀딩스,2020
92,KMH,2020
93,KMH하이텍,2020
94,KNN,2020
95,KPX생명과학,2020
96,KPX케미칼,2020
97,KPX홀딩스,2020
98,KR모터스,2020
99,KSS해운,2020
100,KT,2020
101,KTB투자증권,2020
102,KTcs,2020
103,KTis,2020
104,KT서브마린,2020
105,LF,2020
106,LG,2020
107,LG디스플레이,2020
108,LG생활건강,2020
109,LG유플러스,2020
110,LG이노텍,2020
111,LG전자,2020
112,LG헬로비전,2020
113,LG화학,2020
114,LIG넥스원,2020
115,LS,2020
116,LS네트웍스,2020
117,LS전선아시아,2020
118,LX세미콘,2020
119,LX인터내셔널,2020
120,LX하우시스,2020
121,MH에탄올,2020
122,NAVER,2020
123,NEW,2020
124,NE능률,2020
125,NHN벅스,2020
126,NHN한국사이버결제,2020
127,NH투자증권,2020
128,NICE,2020
129,NICE평가정보,2020
130,NI스틸,2020
131,OQP,2020
132,PI첨단소재,2020
133,PN풍년,2020
134,POSCO,2020
135,RFHIC,2020
136,RF머트리얼즈,2020
137,S&K폴리텍,2020
138,S-Oil,2020
139,SBI인베스트먼트,2020
140,SBS,2020
141,SBS미디어홀딩스,2020
142,SBS콘텐츠허브,2020
143,SCI평가정보,2020
144,SDN,2020
145,SFA반도체,2020
146,SG&G,2020
147,SG,2020
148,SGA,2020
149,SGA솔루션즈,2020
150,SGC에너지,2020
151,SGC이테크건설,2020
152,SG글로벌,2020
153,SG세계물산,2020
154,SH에너지화학,2020
155,SIMPAC,2020
156,SJM,2020
157,SK5호스팩,2020
158,SK6호스팩,2020
159,SKC,2020
160,SK가스,2020
161,SK네트웍스,2020
162,SK디스커버리,2020
163,SK디앤디,2020
164,SK렌터카,2020
165,SK머티리얼즈,2020
166,SK바이오사이언스,2020
167,SK이노베이션,2020
168,SK증권,2020
169,SK케미칼,2020
170,SK텔레콤,2020
171,SK하이닉스,2020
172,SM C&C,2020
173,SM Life Design,2020
174,SNT모티브,2020
175,SNT에너지,2020
176,SNT중공업,2020
177,SNT홀딩스,2020
178,SPC삼립,2020
179,STX,2020
180,STX엔진,2020
181,SUN&L,2020
182,SV인베스트먼트,2020
183,TCC스틸,2020
184,THE E&M,2020
185,THE MIDONG,2020
186,THQ,2020
187,TJ미디어,2020
188,TPC,2020
189,TS인베스트먼트,2020
190,TS트릴리온,2020
191,TYM,2020
192,UCI,2020
193,WI,2020
194,WISCOM,2020
195,YBM넷,2020
196,YG PLUS,2020
197,YTN,2020
198,YW,2020
199,가비아,2020
200,가온미디어,2020
201,가온전선,2020
202,감성코퍼레이션,2020
203,강남제비스코,2020
204,강스템바이오텍,2020
205,강원랜드,2020
206,갤럭시아머니트리,2020
207,갤럭시아에스엠,2020
208,게임빌,2020
209,경남스틸,2020
210,경남제약,2020
211,경남제약헬스케어,2020
212,경농,2020
213,경동나비엔,2020
214,경동도시가스,2020
215,경동인베스트,2020
216,경동제약,2020
217,경방,2020
218,경보제약,2020
219,경인양행,2020
220,경인전자,2020
221,경창산업,2020
222,계룡건설,2020
223,계양전기,2020
224,고려산업,2020
225,고려시멘트,2020
226,고려신용정보,2020
227,고려아연,2020
228,고려제강,2020
229,고려제약,2020
230,고바이오랩,2020
231,고영,2020
232,골드앤에스,2020
233,골드퍼시픽,2020
234,골든센츄리,2020
235,골프존,2020
236,골프존뉴딘홀딩스,2020
237,광동제약,2020
238,광명전기,2020
239,광전자,2020
240,광주신세계,2020
241,광진실업,2020
242,광진윈텍,2020
243,교보9호스팩,2020
244,교보증권,2020
245,교촌에프앤비,2020
246,구영테크,2020
247,국도화학,2020
248,국동,2020
249,국보디자인,2020
250,국순당,2020
251,국영지앤엠,2020
252,국일신동,2020
253,국일제지,2020
254,국전약품,2020
255,국제약품,2020
256,그리티,2020
257,그린케미칼,2020
258,그린플러스,2020
259,극동유화,2020
260,글로벌에스엠,2020
261,글로벌텍스프리,2020
262,글로본,2020
263,금강공업,2020
264,금강철강,2020
265,금양,2020
266,금호건설,2020
267,금호석유,2020
268,금호에이치티,2020
269,금호전기,2020
270,금호타이어,2020
271,금화피에스시,2020
272,기가레인,2020
273,기산텔레콤,2020
274,기신정기,2020
275,기아,2020
276,기업은행,2020
277,까뮤이앤씨,2020
278,까스텔바작,2020
279,깨끗한나라,2020
280,나노브릭,2020
281,나노스,2020
282,나노신소재,2020
283,나노씨엠에스,2020
284,나노엔텍,2020
285,나노캠텍,2020
286,나라엠앤디,2020
287,나무가,2020
288,나무기술,2020
289,나스미디어,2020
290,나우IB,2020
291,나이벡,2020
292,나이스디앤비,2020
293,나이스정보통신,2020
294,나인테크,2020
295,남광토건,2020
296,남선알미늄,2020
297,남양유업,2020
298,남해화학,2020
299,남화산업,2020
300,남화토건,2020
301,내츄럴엔도텍,2020
302,네오리진,2020
303,네오셈,2020
304,네오오토,2020
305,네오크레마,2020
306,네오티스,2020
307,네오팜,2020
308,네오펙트,2020
309,네온테크,2020
310,네이블,2020
311,네이처셀,2020
312,네패스,2020
313,네패스아크,2020
314,넥센,2020
315,넥센타이어,2020
316,넥스턴바이오,2020
317,넥스트BT,2020
318,넥스트사이언스,2020
319,넥스트아이,2020
320,넥스틴,2020
321,넥슨지티,2020
322,넵튠,2020
323,넷게임즈,2020
324,넷마블,2020
325,노랑풍선,2020
326,노루페인트,2020
327,노루홀딩스,2020
328,노바렉스,2020
329,노바텍,2020
330,노터스,2020
331,녹십자,2020
332,녹십자랩셀,2020
333,녹십자셀,2020
334,녹십자엠에스,2020
335,녹십자웰빙,2020
336,녹십자홀딩스,2020
337,녹원씨엔아이,2020
338,농심,2020
339,농심홀딩스,2020
340,농우바이오,2020
341,누리플랜,2020
342,누리플렉스,2020
343,뉴로스,2020
344,뉴보텍,2020
345,뉴인텍,2020
346,뉴지랩파마,2020
347,뉴트리,2020
348,뉴파워프라즈마,2020
349,뉴프렉스,2020
350,다나와,2020
351,다날,2020
352,다믈멀티미디어,2020
353,다산네트웍스,2020
354,다스코,2020
355,다우기술,2020
356,다우데이타,2020
357,다원시스,2020
358,대구백화점,2020
359,대덕전자,2020
360,대동금속,2020
361,대동기어,2020
362,대동스틸,2020
363,대동전자,2020
364,대륙제관,2020
365,대림제지,2020
366,대림통상,2020
367,대명소노시즌,2020
368,대모,2020
369,대보마그네틱,2020
370,대봉엘에스,2020
371,대상,2020
372,대상홀딩스,2020
373,대성미생물,2020
374,대성산업,2020
375,대성에너지,2020
376,대성엘텍,2020
377,대성창투,2020
378,대성파인텍,2020
379,대성홀딩스,2020
380,대신밸런스제7호스팩,2020
381,대신밸런스제8호스팩,2020
382,대신밸런스제9호스팩,2020
383,대신정보통신,2020
384,대신증권,2020
385,대아티아이,2020
386,대양금속,2020
387,대양전기공업,2020
388,대양제지,2020
389,대영포장,2020
390,대우건설,2020
391,대우부품,2020
392,대우조선해양,2020
393,대웅제약,2020
394,대원강업,2020
395,대원미디어,2020
396,대원전선,2020
397,대원제약,2020
398,대원화성,2020
399,대유에이텍,2020
400,대유에이피,2020
401,대유플러스,2020
402,대정화금,2020
403,대주산업,2020
404,대주전자재료,2020
405,대창단조,2020
406,대창스틸,2020
407,대한과학,2020
408,대한광통신,2020
409,대한그린파워,2020
410,대한뉴팜,2020
411,대한방직,2020
412,대한약품,2020
413,대한유화,2020
414,대한전선,2020
415,대한제강,2020
416,대한제당,2020
417,대한제분,2020
418,대한항공,2020
419,대한해운,2020
420,대한화섬,2020
421,대호에이엘,2020
422,대호특수강,2020
423,대화제약,2020
424,더네이쳐홀딩스,2020
425,더블유게임즈,2020
426,더블유에스아이,2020
427,더존비즈온,2020
428,덕산네오룩스,2020
429,덕산테코피아,2020
430,덕산하이메탈,2020
431,덕신하우징,2020
432,덕양산업,2020
433,덕우전자,2020
434,데브시스터즈,2020
435,데이타솔루션,2020
436,덱스터,2020
437,덴티스,2020
438,덴티움,2020
439,도이치모터스,2020
440,도화엔지니어링,2020
441,동구바이오제약,2020
442,동국S&C,2020
443,동국산업,2020
444,동국알앤에스,2020
445,동국제강,2020
446,동국제약,2020
447,동남합성,2020
448,동방선기,2020
449,동방아그로,2020
450,동부건설,2020
451,동성제약,2020
452,동성케미컬,2020
453,동성화인텍,2020
454,동신건설,2020
455,동아쏘시오홀딩스,2020
456,동아에스티,2020
457,동아엘텍,2020
458,동아지질,2020
459,동아타이어,2020
460,동아화성,2020
461,동양고속,2020
462,동양생명,2020
463,동양에스텍,2020
464,동양이엔피,2020
465,동양철관,2020
466,동양파일,2020
467,동양피스톤,2020
468,동우팜투테이블,2020
469,동운아나텍,2020
470,동원F&B,2020
471,동원개발,2020
472,동원금속,2020
473,동원산업,2020
474,동원수산,2020
475,동원시스템즈,2020
476,동일고무벨트,2020
477,동일금속,2020
478,동일기연,2020
479,동일산업,2020
480,동일제강,2020
481,동일철강,2020
482,동진쎄미켐,2020
483,동화기업,2020
484,동화약품,2020
485,두산,2020
486,두산밥캣,2020
487,두산인프라코어,2020
488,두산중공업,2020
489,두산퓨얼셀,2020
490,두올,2020
491,듀오백,2020
492,드래곤플라이,2020
493,드림시큐리티,2020
494,드림씨아이에스,2020
495,드림어스컴퍼니,2020
496,드림텍,2020
497,디바이스이엔지,2020
498,디스플레이텍,2020
499,디아이티,2020
500,디알젬,2020
501,디알텍,2020
502,디앤씨미디어,2020
503,디에스케이,2020
504,디에이치피코리아,2020
505,디에이테크놀로지,2020
506,디에이피,2020
507,디엔에이링크,2020
508,디엔에프,2020
509,디엠티,2020
510,디오,2020
511,디와이파워,2020
512,디와이피엔에프,2020
513,디이엔티,2020
514,디자인,2020
515,디젠스,2020
516,디지아이,2020
517,디지캡,2020
518,디지탈옵틱,2020
519,디지털대성,2020
520,디지틀조선,2020
521,디케이락,2020
522,디케이앤디,2020
523,디케이티,2020
524,디티알오토모티브,2020
525,디티앤씨,2020
526,디피씨,2020
527,딜리,2020
528,라닉스,2020
529,라온시큐어,2020
530,라온테크,2020
531,라온피플,2020
532,라이온켐텍,2020
533,라이트론,2020
534,라이프시맨틱스,2020
535,라파스,2020
536,락앤락,2020
537,램테크놀러지,2020
538,랩지노믹스,2020
539,레고켐바이오,2020
540,레드로버,2020
541,레드캡투어,2020
542,레몬,2020
543,레이,2020
544,레이언스,2020
545,레이크머티리얼즈,2020
546,레인보우로보틱스,2020
547,로보로보,2020
548,로보스타,2020
549,로보티즈,2020
550,로스웰,2020
551,로지시스,2020
552,로체시스템즈,2020
553,롯데관광개발,2020
554,롯데손해보험,2020
555,롯데쇼핑,2020
556,롯데정밀화학,2020
557,롯데정보통신,2020
558,롯데제과,2020
559,롯데지주,2020
560,롯데칠성,2020
561,롯데케미칼,2020
562,롯데푸드,2020
563,루멘스,2020
564,루트로닉,2020
565,룽투코리아,2020
566,리노공업,2020
567,리노스,2020
568,리더스 기술투자,2020
569,리더스코스메틱,2020
570,리드코프,2020
571,리메드,2020
572,릭스솔루션,2020
573,린드먼아시아,2020
574,링네트,2020
575,링크제니시스,2020
576,마니커,2020
577,마니커에프앤지,2020
578,마이더스AI,2020
579,마이크로디지탈,2020
580,마이크로컨텍솔,2020
581,마이크로프랜드,2020
582,마크로젠,2020
583,만도,2020
584,맘스터치,2020
585,매일유업,2020
586,매일홀딩스,2020
587,매직마이크로,2020
588,매커스,2020
589,맥스로텍,2020
590,머큐리,2020
591,멀티캠퍼스,2020
592,메가스터디,2020
593,메가스터디교육,2020
594,메가엠디,2020
595,메드팩토,2020
596,메디아나,2020
597,메디앙스,2020
598,메디콕스,2020
599,메디톡스,2020
600,메디포스트,2020
601,메디프론,2020
602,메리츠금융지주,2020
603,메리츠증권,2020
604,메리츠화재,2020
605,메이슨캐피탈,2020
606,메지온,2020
607,메카로,2020
608,메타랩스,2020
609,메타바이오메드,2020
610,멕아이씨에스,2020
611,멜파스,2020
612,명문제약,2020
613,명성티엔에스,2020
614,명신산업,2020
615,모나리자,2020
616,모나미,2020
617,모다이노칩,2020
618,모두투어,2020
619,모바일리더,2020
620,모바일어플라이언스,2020
621,모베이스,2020
622,모베이스전자,2020
623,모비릭스,2020
624,모비스,2020
625,모아텍,2020
626,모토닉,2020
627,모트렉스,2020
628,모헨즈,2020
629,무림P&P,2020
630,무림SP,2020
631,무림페이퍼,2020
632,무학,2020
633,문배철강,2020
634,미디어젠,2020
635,미래나노텍,2020
636,미래생명자원,2020
637,미래아이앤지,2020
638,미래에셋대우스팩 5호,2020
639,미래에셋대우스팩3호,2020
640,미래에셋벤처투자,2020
641,미래에셋생명,2020
642,미래에셋증권,2020
643,미래컴퍼니,2020
644,미래테크놀로지,2020
645,미스터블루,2020
646,미원상사,2020
647,미원에스씨,2020
648,미원홀딩스,2020
649,미원화학,2020
650,미창석유,2020
651,미코,2020
652,미코바이오메드,2020
653,미투온,2020
654,미투젠,2020
655,민앤지,2020
656,바디텍메드,2020
657,바른손,2020
658,바른손이앤에이,2020
659,바른전자,2020
660,바이넥스,2020
661,바이브컴퍼니,2020
662,바이오니아,2020
663,바이오다인,2020
664,바이오로그디바이스,2020
665,바이오리더스,2020
666,바이오솔루션,2020
667,바이오스마트,2020
668,바이오톡스텍,2020
669,바이온,2020
670,바텍,2020
671,박셀바이오,2020
672,배럴,2020
673,백광산업,2020
674,백금T&A,2020
675,백산,2020
676,버킷스튜디오,2020
677,범양건영,2020
678,베노홀딩스,2020
679,베뉴지,2020
680,베셀,2020
681,베스파,2020
682,보광산업,2020
683,보라티알,2020
684,보락,2020
685,보령제약,2020
686,보성파워텍,2020
687,보해양조,2020
688,본느,2020
689,부광약품,2020
690,부국증권,2020
691,부국철강,2020
692,부산산업,2020
693,부산주공,2020
694,부스타,2020
695,뷰노,2020
696,뷰웍스,2020
697,브랜드엑스코퍼레이션,2020
698,브리지텍,2020
699,브릿지바이오테라퓨틱스,2020
700,브이원텍,2020
701,브이티지엠피,2020
702,블루베리 NFT,2020
703,블루콤,2020
704,비나텍,2020
705,비덴트,2020
706,비디아이,2020
707,비보존 헬스케어,2020
708,비비씨,2020
709,비비안,2020
710,비상교육,2020
711,비씨월드제약,2020
712,비아트론,2020
713,비에이치아이,2020
714,비엠티,2020
715,비올,2020
716,비즈니스온,2020
717,비츠로셀,2020
718,비츠로시스,2020
719,비츠로테크,2020
720,비케이탑스,2020
721,비트컴퓨터,2020
722,비피도,2020
723,빅솔론,2020
724,빅텍,2020
725,빙그레,2020
726,빛샘전자,2020
727,사람인에이치알,2020
728,사조대림,2020
729,사조동아원,2020
730,사조산업,2020
731,사조씨푸드,2020
732,사조오양,2020
733,삼강엠앤티,2020
734,삼기,2020
735,삼륭물산,2020
736,삼목에스폼,2020
737,삼보모터스,2020
738,삼보판지,2020
739,삼부토건,2020
740,삼성SDI,2020
741,삼성공조,2020
742,삼성물산,2020
743,삼성바이오로직스,2020
744,삼성생명,2020
745,삼성스팩2호,2020
746,삼성에스디에스,2020
747,삼성엔지니어링,2020
748,삼성전기,2020
749,삼성전자,2020
750,삼성제약,2020
751,삼성중공업,2020
752,삼성증권,2020
753,삼성출판사,2020
754,삼성카드,2020
755,삼성화재,2020
756,삼아알미늄,2020
757,삼아제약,2020
758,삼양사,2020
759,삼양식품,2020
760,삼양옵틱스,2020
761,삼양통상,2020
762,삼양패키징,2020
763,삼양홀딩스,2020
764,삼영무역,2020
765,삼영엠텍,2020
766,삼영이엔씨,2020
767,삼영전자,2020
768,삼영화학,2020
769,삼원강재,2020
770,삼익THK,2020
771,삼익악기,2020
772,삼일기업공사,2020
773,삼일씨엔에스,2020
774,삼일제약,2020
775,삼정펄프,2020
776,삼지전자,2020
777,삼진엘앤디,2020
778,삼진제약,2020
779,삼천당제약,2020
780,삼천리,2020
781,삼천리자전거,2020
782,삼표시멘트,2020
783,삼현철강,2020
784,삼호개발,2020
785,삼화네트웍스,2020
786,삼화왕관,2020
787,삼화전기,2020
788,삼화전자,2020
789,삼화콘덴서,2020
790,삼화페인트,2020
791,상보,2020
792,상상인,2020
793,상상인이안1호스팩,2020
794,상상인이안제2호스팩,2020
795,상상인인더스트리,2020
796,상상인증권,2020
797,상신브레이크,2020
798,상신이디피,2020
799,상신전자,2020
800,상아프론테크,2020
801,상지카일룸,2020
802,새로닉스,2020
803,새론오토모티브,2020
804,샘코,2020
805,샘표,2020
806,샘표식품,2020
807,서남,2020
808,서린바이오,2020
809,서부T&D,2020
810,서산,2020
811,서암기계공업,2020
812,서연,2020
813,서연이화,2020
814,서연탑메탈,2020
815,서울리거,2020
816,서울바이오시스,2020
817,서울반도체,2020
818,서울식품,2020
819,서울옥션,2020
820,서울전자통신,2020
821,서울제약,2020
822,서원인텍,2020
823,서전기전,2020
824,서진시스템,2020
825,서진오토모티브,2020
826,서플러스글로벌,2020
827,서호전기,2020
828,서희건설,2020
829,석경에이티,2020
830,선데이토즈,2020
831,선도전기,2020
832,선익시스템,2020
833,선진뷰티사이언스,2020
834,성광벤드,2020
835,성도이엔지,2020
836,성문전자,2020
837,성보화학,2020
838,성신양회,2020
839,성우전자,2020
840,성우테크론,2020
841,성우하이텍,2020
842,성창기업지주,2020
843,성창오토텍,2020
844,성호전자,2020
845,세경하이테크,2020
846,세기상사,2020
847,세동,2020
848,세명전기,2020
849,세방,2020
850,세방전지,2020
851,세보엠이씨,2020
852,세아베스틸,2020
853,세아제강,2020
854,세아제강지주,2020
855,세아특수강,2020
856,세아홀딩스,2020
857,세우글로벌,2020
858,세운메디칼,2020
859,세원물산,2020
860,세원이앤씨,2020
861,세원정공,2020
862,세이브존I&C,2020
863,세종공업,2020
864,세종메디칼,2020
865,세종텔레콤,2020
866,세진중공업,2020
867,세진티에스,2020
868,세코닉스,2020
869,세틀뱅크,2020
870,세하,2020
871,세화아이엠씨,2020
872,세화피앤씨,2020
873,센코,2020
874,센트랄모텍,2020
875,센트럴인사이트,2020
876,셀레믹스,2020
877,셀루메드,2020
878,셀리드,2020
879,셀리버리,2020
880,셀바스AI,2020
881,셀바스헬스케어,2020
882,셀트리온제약,2020
883,셀트리온헬스케어,2020
884,소룩스,2020
885,소마젠,2020
886,소프트센,2020
887,소프트캠프,2020
888,손오공,2020
889,솔고바이오,2020
890,솔루스첨단소재,2020
891,솔루에타,2020
892,솔루엠,2020
893,솔본,2020
894,솔브레인,2020
895,솔브레인홀딩스,2020
896,솔트룩스,2020
897,송원산업,2020
898,쇼박스,2020
899,수산아이앤티,2020
900,수산중공업,2020
901,수성이노베이션,2020
902,수젠텍,2020
903,슈펙스비앤피,2020
904,슈프리마,2020
905,슈프리마아이디,2020
906,슈프리마에이치큐,2020
907,슈피겐코리아,2020
908,스카이라이프,2020
909,스카이문스테크놀로지,2020
910,스카이이앤엠,2020
911,스킨앤스킨,2020
912,스타모빌리티,2020
913,스타플렉스,2020
914,스튜디오드래곤,2020
915,스튜디오산타클로스,2020
916,스페코,2020
917,스포츠서울,2020
918,승일,2020
919,시공테크,2020
920,시그네틱스,2020
921,시너지이노베이션,2020
922,시노펙스,2020
923,시디즈,2020
924,시스웍,2020
925,시큐브,2020
926,시티랩스,2020
927,신대양제지,2020
928,신도기연,2020
929,신도리코,2020
930,신라교역,2020
931,신라섬유,2020
932,신라에스지,2020
933,신라젠,2020
934,신성델타테크,2020
935,신성이엔지,2020
936,신세계,2020
937,신세계건설,2020
938,신세계인터내셔날,2020
939,신세계푸드,2020
940,신송홀딩스,2020
941,신신제약,2020
942,신영스팩5호,2020
943,신영스팩6호,2020
944,신영와코루,2020
945,신영증권,2020
946,신원종합개발,2020
947,신일전자,2020
948,신일제약,2020
949,신진에스엠,2020
950,신테카바이오,2020
951,신풍제약,2020
952,신풍제지,2020
953,신한제6호스팩,2020
954,신한제7호스팩,2020
955,신한지주,2020
956,신화실업,2020
957,신화인터텍,2020
958,신화콘텍,2020
959,신흥에스이씨,2020
960,심텍,2020
961,심텍홀딩스,2020
962,싸이맥스,2020
963,싸이버원,2020
964,싸이토젠,2020
965,쌍방울,2020
966,쌍용정보통신,2020
967,써니전자,2020
968,썸에이지,2020
969,쎄노텍,2020
970,쎄니트,2020
971,쎄미시스코,2020
972,쎄트렉아이,2020
973,쎌마테라퓨틱스,2020
974,쎌바이오텍,2020
975,쏠리드,2020
976,씨씨에스,2020
977,씨아이에스,2020
978,씨아이테크,2020
979,씨앤지하이테크,2020
980,씨앤투스성진,2020
981,씨에스베어링,2020
982,씨에스윈드,2020
983,씨엔플러스,2020
984,씨엠에스에듀,2020
985,씨유메디칼,2020
986,씨이랩,2020
987,씨젠,2020
988,씨케이에이치,2020
989,씨큐브,2020
990,씨티씨바이오,2020
991,씨티케이코스메틱스,2020
992,아가방컴퍼니,2020
993,아나패스,2020
994,아난티,2020
995,아남전자,2020
996,아리온,2020
997,아모그린텍,2020
998,아모레퍼시픽,2020
999,아모텍,2020
1000,아미노로직스,2020
1001,아미코젠,2020
1002,아바코,2020
1003,아바텍,2020
1004,아비코전자,2020
1005,아세아,2020
1006,아세아시멘트,2020
1007,아세아제지,2020
1008,아센디오,2020
1009,아스타,2020
1010,아스트,2020
1011,아시아경제,2020
1012,아시아나IDT,2020
1013,아시아나항공,2020
1014,아우딘퓨쳐스,2020
1015,아이디스,2020
1016,아이디스홀딩스,2020
1017,아이디피,2020
1018,아이마켓코리아,2020
1019,아이비김영,2020
1020,아이센스,2020
1021,아이스크림에듀,2020
1022,아이쓰리시스템,2020
1023,아이씨디,2020
1024,아이씨케이,2020
1025,아이에스동서,2020
1026,아이에스이커머스,2020
1027,아이에이,2020
1028,아이엘사이언스,2020
1029,아이오케이,2020
1030,아이원스,2020
1031,아이즈비전,2020
1032,아이진,2020
1033,아이컴포넌트,2020
1034,아이퀘스트,2020
1035,아이큐어,2020
1036,아이크래프트,2020
1037,아이톡시,2020
1038,아이티센,2020
1039,아이티엠반도체,2020
1040,아주IB투자,2020
1041,아즈텍WB,2020
1042,아진산업,2020
1043,아진엑스텍,2020
1044,아톤,2020
1045,아프리카TV,2020
1046,안국약품,2020
1047,안랩,2020
1048,안트로젠,2020
1049,알로이스,2020
1050,알루코,2020
1051,알리코제약,2020
1052,알서포트,2020
1053,알에스오토메이션,2020
1054,알에프텍,2020
1055,알엔투테크놀로지,2020
1056,알체라,2020
1057,알테오젠,2020
1058,알톤스포츠,2020
1059,알티캐스트,2020
1060,알파홀딩스,2020
1061,압타머사이언스,2020
1062,압타바이오,2020
1063,애경산업,2020
1064,애경유화,2020
1065,애니젠,2020
1066,애니플러스,2020
1067,애머릿지,2020
1068,액션스퀘어,2020
1069,액토즈소프트,2020
1070,액트로,2020
1071,앤디포스,2020
1072,앤씨앤,2020
1073,앱코,2020
1074,앱클론,2020
1075,야스,2020
1076,어보브반도체,2020
1077,얼라인드,2020
1078,에너토크,2020
1079,에넥스,2020
1080,에브리봇,2020
1081,에스넷,2020
1082,에스디바이오센서,2020
1083,에스디생명공학,2020
1084,에스디시스템,2020
1085,에스맥,2020
1086,에스씨디,2020
1087,에스씨엠생명과학,2020
1088,에스아이리소스,2020
1089,에스앤더블류,2020
1090,에스앤에스텍,2020
1091,에스에너지,2020
1092,에스에스알,2020
1093,에스에이엠티,2020
1094,에스에이티,2020
1095,에스에프에이,2020
1096,에스엔유,2020
1097,에스엘바이오닉스,2020
1098,에스엠코어,2020
1099,에스원,2020
1100,에스제이그룹,2020
1101,에스코넥,2020
1102,에스텍파마,2020
1103,에스트래픽,2020
1104,에스티오,2020
1105,에스티큐브,2020
1106,에스티팜,2020
1107,에스폴리텍,2020
1108,에스퓨얼셀,2020
1109,에스피시스템스,2020
1110,에스피지,2020
1111,에쎈테크,2020
1112,에쓰씨엔지니어링,2020
1113,에어부산,2020
1114,에이디칩스,2020
1115,에이디테크놀로지,2020
1116,에이루트,2020
1117,에이블씨엔씨,2020
1118,에이비엘바이오,2020
1119,에이비프로바이오,2020
1120,에이스침대,2020
1121,에이스테크,2020
1122,에이스토리,2020
1123,에이아이비트,2020
1124,에이에프더블류,2020
1125,에이엔피,2020
1126,에이치시티,2020
1127,에이치엔티,2020
1128,에이치엘비,2020
1129,에이치엘비생명과학,2020
1130,에이치엘비제약,2020
1131,에이치엘비파워,2020
1132,에이치엘사이언스,2020
1133,에이치엠씨제4호스팩,2020
1134,에이치엠씨제5호스팩,2020
1135,에이테크솔루션,2020
1136,에이텍티앤,2020
1137,에이트원,2020
1138,에이티넘인베스트,2020
1139,에이티세미콘,2020
1140,에이팩트,2020
1141,에이프로젠 H&G,2020
1142,에이프로젠 MED,2020
1143,에이프로젠제약,2020
1144,에이플러스에셋,2020
1145,에이피티씨,2020
1146,에치에프알,2020
1147,에코마이스터,2020
1148,에코마케팅,2020
1149,에코바이오,2020
1150,에코캡,2020
1151,에코프로,2020
1152,에코프로비엠,2020
1153,에코플라스틱,2020
1154,에프알텍,2020
1155,에프앤가이드,2020
1156,에프앤리퍼블릭,2020
1157,에프엔씨엔터,2020
1158,에프엔에스테크,2020
1159,엑사이엔씨,2020
1160,엑세스바이오,2020
1161,엑셈,2020
1162,엑스큐어,2020
1163,엑시콘,2020
1164,엔바이오니아,2020
1165,엔브이에이치코리아,2020
1166,엔비티,2020
1167,엔시스,2020
1168,엔시트론,2020
1169,엔씨소프트,2020
1170,엔에스쇼핑,2020
1171,엔에스엔,2020
1172,엔에이치스팩13호,2020
1173,엔에이치스팩17호,2020
1174,엔에이치스팩18호,2020
1175,엔에프씨,2020
1176,엔젠바이오,2020
1177,엔지스테크널러지,2020
1178,엔지켐생명과학,2020
1179,엔케이맥스,2020
1180,엔케이물산,2020
1181,엔텔스,2020
1182,엔피디,2020
1183,엔피케이,2020
1184,엘디티,2020
1185,엘브이엠씨홀딩스,2020
1186,엘비세미콘,2020
1187,엘아이에스,2020
1188,엘앤씨바이오,2020
1189,엘앤에프,2020
1190,엘앤케이바이오,2020
1191,엘엠에스,2020
1192,엘오티베큠,2020
1193,엘컴텍,2020
1194,엘티씨,2020
1195,엠게임,2020
1196,엠벤처투자,2020
1197,엠씨넥스,2020
1198,엠아이텍,2020
1199,엠에스씨,2020
1200,엠에스오토텍,2020
1201,엠에프엠코리아,2020
1202,엠젠플러스,2020
1203,엠케이전자,2020
1204,엠투아이,2020
1205,엠투엔,2020
1206,엠피대산,2020
1207,연이비앤티,2020
1208,영림원소프트랩,2020
1209,영보화학,2020
1210,영신금속,2020
1211,영우디에스피,2020
1212,영원무역,2020
1213,영원무역홀딩스,2020
1214,영진약품,2020
1215,영풍정밀,2020
1216,영풍제지,2020
1217,영화금속,2020
1218,영화테크,2020
1219,예림당,2020
1220,예선테크,2020
1221,예스24,2020
1222,예스코홀딩스,2020
1223,예스티,2020
1224,오가닉티코스메틱,2020
1225,오공,2020
1226,오디텍,2020
1227,오뚜기,2020
1228,오로라,2020
1229,오로스테크놀로지,2020
1230,오르비텍,2020
1231,오리엔탈정공,2020
1232,오리엔트바이오,2020
1233,오리엔트정공,2020
1234,오리온홀딩스,2020
1235,오리콤,2020
1236,오상자이엘,2020
1237,오성첨단소재,2020
1238,오션브릿지,2020
1239,오스코텍,2020
1240,오스테오닉,2020
1241,오스템,2020
1242,오스템임플란트,2020
1243,오이솔루션,2020
1244,오킨스전자,2020
1245,오텍,2020
1246,오파스넷,2020
1247,오픈베이스,2020
1248,오하임아이엔티,2020
1249,올리패스,2020
1250,올릭스,2020
1251,옴니시스템,2020
1252,옵트론텍,2020
1253,옵티시스,2020
1254,옵티팜,2020
1255,와이더플래닛,2020
1256,와이솔,2020
1257,와이아이케이,2020
1258,와이어블,2020
1259,와이엔텍,2020
1260,와이엠씨,2020
1261,와이엠티,2020
1262,와이제이엠게임즈,2020
1263,와이즈버즈,2020
1264,와이지-원,2020
1265,와이지엔터테인먼트,2020
1266,와이팜,2020
1267,와토스코리아,2020
1268,용평리조트,2020
1269,우리금융지주,2020
1270,우리금융캐피탈,2020
1271,우리기술,2020
1272,우리기술투자,2020
1273,우리넷,2020
1274,우리들휴브레인,2020
1275,우리로,2020
1276,우리바이오,2020
1277,우리산업홀딩스,2020
1278,우리손에프앤지,2020
1279,우리이앤엘,2020
1280,우리조명,2020
1281,우리종금,2020
1282,우림기계,2020
1283,우성사료,2020
1284,우수AMS,2020
1285,우신시스템,2020
1286,우원개발,2020
1287,우정바이오,2020
1288,우주일렉트로,2020
1289,우진비앤지,2020
1290,우진아이엔에스,2020
1291,우진플라임,2020
1292,웅진씽크빅,2020
1293,원림,2020
1294,원방테크,2020
1295,원익,2020
1296,원익IPS,2020
1297,원익QnC,2020
1298,원익머트리얼즈,2020
1299,원익큐브,2020
1300,원익피앤이,2020
1301,원익홀딩스,2020
1302,원일특강,2020
1303,원풍,2020
1304,원풍물산,2020
1305,월덱스,2020
1306,웨이브일렉트로,2020
1307,웰바이오텍,2020
1308,웰크론,2020
1309,웰크론한텍,2020
1310,웹스,2020
1311,웹젠,2020
1312,웹케시,2020
1313,위니아딤채,2020
1314,위닉스,2020
1315,위더스제약,2020
1316,위드텍,2020
1317,위메이드,2020
1318,위메이드맥스,2020
1319,위세아이텍,2020
1320,위즈코프,2020
1321,위지윅스튜디오,2020
1322,위지트,2020
1323,윈팩,2020
1324,윈하이텍,2020
1325,윌링스,2020
1326,윌비스,2020
1327,윙입푸드,2020
1328,유나이티드제약,2020
1329,유니드,2020
1330,유니셈,2020
1331,유니슨,2020
1332,유니온머티리얼,2020
1333,유니온커뮤니티,2020
1334,유니켐,2020
1335,유니퀘스트,2020
1336,유니테스트,2020
1337,유니테크노,2020
1338,유니트론텍,2020
1339,유라테크,2020
1340,유바이오로직스,2020
1341,유비벨록스,2020
1342,유비케어,2020
1343,유비쿼스,2020
1344,유비쿼스홀딩스,2020
1345,유성기업,2020
1346,유성티엔에스,2020
1347,유수홀딩스,2020
1348,유아이디,2020
1349,유아이엘,2020
1350,유안타제4호스팩,2020
1351,유안타제5호스팩,2020
1352,유안타제6호스팩,2020
1353,유안타제7호스팩,2020
1354,유안타제8호스팩,2020
1355,유양디앤유,2020
1356,유에스티,2020
1357,유엔젤,2020
1358,유유제약,2020
1359,유일에너테크,2020
1360,유진기업,2020
1361,유진로봇,2020
1362,유진스팩4호,2020
1363,유진스팩5호,2020
1364,유진테크,2020
1365,유진투자증권,2020
1366,유테크,2020
1367,유티아이,2020
1368,유틸렉스,2020
1369,유한양행,2020
1370,유화증권,2020
1371,육일씨엔에쓰,2020
1372,율촌화학,2020
1373,율호,2020
1374,이건산업,2020
1375,이건홀딩스,2020
1376,이구산업,2020
1377,이그잭스,2020
1378,이글루시큐리티,2020
1379,이글벳,2020
1380,이노메트리,2020
1381,이노션,2020
1382,이노와이어리스,2020
1383,이노와이즈,2020
1384,이노인스트루먼트,2020
1385,이노테라피,2020
1386,이녹스,2020
1387,이녹스첨단소재,2020
1388,이니텍,2020
1389,이더블유케이,2020
1390,이라이콤,2020
1391,이랜시스,2020
1392,이랜텍,2020
1393,이루다,2020
1394,이루온,2020
1395,이마트,2020
1396,이미지스,2020
1397,이베스트스팩5호,2020
1398,이베스트이안스팩1호,2020
1399,이베스트투자증권,2020
1400,이브이첨단소재,2020
1401,이상네트웍스,2020
1402,이수앱지스,2020
1403,이수페타시스,2020
1404,이수화학,2020
1405,이스타코,2020
1406,이스트소프트,2020
1407,이스트아시아홀딩스,2020
1408,이씨에스,2020
1409,이아이디,2020
1410,이에스에이,2020
1411,이엔드디,2020
1412,이엔에프테크놀로지,2020
1413,이엔코퍼레이션,2020
1414,이엔플러스,2020
1415,이엘피,2020
1416,이엠네트웍스,2020
1417,이엠넷,2020
1418,이엠앤아이,2020
1419,이엠코리아,2020
1420,이엠텍,2020
1421,이연제약,2020
1422,이오테크닉스,2020
1423,이오플로우,2020
1424,이원컴포텍,2020
1425,이월드,2020
1426,이즈미디어,2020
1427,이지바이오,2020
1428,이지케어텍,2020
1429,이지홀딩스,2020
1430,이큐셀,2020
1431,이크레더블,2020
1432,이트론,2020
1433,이퓨쳐,2020
1434,이화공영,2020
1435,이화산업,2020
1436,이화전기,2020
1437,인디에프,2020
1438,인바디,2020
1439,인바이오,2020
1440,인바이오젠,2020
1441,인베니아,2020
1442,인산가,2020
1443,인선이엔티,2020
1444,인성정보,2020
1445,인스코비,2020
1446,인지디스플레,2020
1447,인지컨트롤스,2020
1448,인천도시가스,2020
1449,인콘,2020
1450,인크로스,2020
1451,인탑스,2020
1452,인터로조,2020
1453,인터지스,2020
1454,인터플렉스,2020
1455,인텍플러스,2020
1456,인텔리안테크,2020
1457,인트로메딕,2020
1458,인트론바이오,2020
1459,인팩,2020
1460,인포마크,2020
1461,인포바인,2020
1462,인포뱅크,2020
1463,인피니트헬스케어,2020
1464,인피니티엔티,2020
1465,인화정공,2020
1466,일동제약,2020
1467,일동홀딩스,2020
1468,일성건설,2020
1469,일성신약,2020
1470,일승,2020
1471,일신바이오,2020
1472,일신방직,2020
1473,일신석재,2020
1474,일야,2020
1475,일양약품,2020
1476,일정실업,2020
1477,일지테크,2020
1478,일진다이아,2020
1479,일진디스플,2020
1480,일진머티리얼즈,2020
1481,일진전기,2020
1482,일진파워,2020
1483,일진홀딩스,2020
1484,잇츠한불,2020
1485,잉글우드랩,2020
1486,잉크테크,2020
1487,자비스,2020
1488,자안바이오,2020
1489,자안코스메틱,2020
1490,자연과환경,2020
1491,자이글,2020
1492,자이언트스텝,2020
1493,자이에스앤디,2020
1494,자화전자,2020
1495,장원테크,2020
1496,재영솔루텍,2020
1497,전방,2020
1498,전진바이오팜,2020
1499,정다운,2020
1500,정산애강,2020
1501,정상제이엘에스,2020
1502,정원엔시스,2020
1503,제낙스,2020
1504,제너셈,2020
1505,제넥신,2020
1506,제넨바이오,2020
1507,제노레이,2020
1508,제노코,2020
1509,제노포커스,2020
1510,제놀루션,2020
1511,제닉,2020
1512,제로투세븐,2020
1513,제룡산업,2020
1514,제룡전기,2020
1515,제우스,2020
1516,제이브이엠,2020
1517,제이스텍,2020
1518,제이시스메디칼,2020
1519,제이씨케미칼,2020
1520,제이씨현시스템,2020
1521,제이에스코퍼레이션,2020
1522,제이에스티나,2020
1523,제이엔케이히터,2020
1524,제이엘케이,2020
1525,제이엠아이,2020
1526,제이엠티,2020
1527,제이웨이,2020
1528,제이준코스메틱,2020
1529,제이콘텐트리,2020
1530,제일기획,2020
1531,제일바이오,2020
1532,제일약품,2020
1533,제일연마,2020
1534,제일전기공업,2020
1535,제일제강,2020
1536,제일테크노스,2020
1537,제일파마홀딩스,2020
1538,제주반도체,2020
1539,제주은행,2020
1540,제주항공,2020
1541,제테마,2020
1542,젠큐릭스,2020
1543,젬백스,2020
1544,젬백스링크,2020
1545,젬백스지오,2020
1546,조광ILI,2020
1547,조광페인트,2020
1548,조광피혁,2020
1549,조비,2020
1550,조선내화,2020
1551,조선선재,2020
1552,조아제약,2020
1553,조이시티,2020
1554,조일알미늄,2020
1555,종근당,2020
1556,종근당바이오,2020
1557,종근당홀딩스,2020
1558,좋은사람들,2020
1559,주성엔지니어링,2020
1560,주연테크,2020
1561,줌인터넷,2020
1562,중앙디앤엠,2020
1563,중앙백신,2020
1564,중앙에너비스,2020
1565,지나인제약,2020
1566,지노믹트리,2020
1567,지놈앤컴퍼니,2020
1568,지누스,2020
1569,지니뮤직,2020
1570,지니언스,2020
1571,지니틱스,2020
1572,지더블유바이텍,2020
1573,지란지교시큐리티,2020
1574,지어소프트,2020
1575,지에스이,2020
1576,지엔씨에너지,2020
1577,지엔원에너지,2020
1578,지엔코,2020
1579,지엘팜텍,2020
1580,지엠비코리아,2020
1581,지역난방공사,2020
1582,지유온,2020
1583,지투알,2020
1584,지트리비앤티,2020
1585,지티지웰니스,2020
1586,진도,2020
1587,진로발효,2020
1588,진매트릭스,2020
1589,진바이오텍,2020
1590,진성티이씨,2020
1591,진양산업,2020
1592,진양제약,2020
1593,진양폴리,2020
1594,진양홀딩스,2020
1595,진양화학,2020
1596,진에어,2020
1597,진원생명과학,2020
1598,진흥기업,2020
1599,차바이오텍,2020
1600,참엔지니어링,2020
1601,참좋은여행,2020
1602,창해에탄올,2020
1603,천랩,2020
1604,천일고속,2020
1605,청담러닝,2020
1606,체리부로,2020
1607,초록뱀미디어,2020
1608,초록뱀컴퍼니,2020
1609,칩스앤미디어,2020
1610,카스,2020
1611,카이노스메드,2020
1612,카카오게임즈,2020
1613,카페24,2020
1614,카프로,2020
1615,캐리소프트,2020
1616,캐스텍코리아,2020
1617,캔서롭,2020
1618,캠시스,2020
1619,컨버즈,2020
1620,컬러레이,2020
1621,컴투스,2020
1622,컴퍼니케이,2020
1623,케어랩스,2020
1624,케어젠,2020
1625,케이디켐,2020
1626,케이맥,2020
1627,케이비17호스팩,2020
1628,케이비아이동국실업,2020
1629,케이비제18호스팩,2020
1630,케이비제19호스팩,2020
1631,케이비제20호스팩,2020
1632,케이사인,2020
1633,케이씨에스,2020
1634,케이씨텍,2020
1635,케이씨티,2020
1636,케이씨피드,2020
1637,케이아이엔엑스,2020
1638,케이에스피,2020
1639,케이엔더블유,2020
1640,케이엔제이,2020
1641,케이엘넷,2020
1642,케이엠더블유,2020
1643,케이엠제약,2020
1644,케이티알파,2020
1645,케이프,2020
1646,케이프이에스제4호,2020
1647,케이피에스,2020
1648,케이피에프,2020
1649,케이피엠테크,2020
1650,케이피티유,2020
1651,켄코아에어로스페이스,2020
1652,켐온,2020
1653,켐트로닉스,2020
1654,켐트로스,2020
1655,코나아이,2020
1656,코너스톤네트웍스,2020
1657,코다코,2020
1658,코데즈컴바인,2020
1659,코드네이처,2020
1660,코디,2020
1661,코디엠,2020
1662,코렌텍,2020
1663,코리아나,2020
1664,코리아센터,2020
1665,코리아써키트,2020
1666,코리아에셋투자증권,2020
1667,코리아에스이,2020
1668,코리아에프티,2020
1669,코맥스,2020
1670,코메론,2020
1671,코미코,2020
1672,코미팜,2020
1673,코세스,2020
1674,코센,2020
1675,코스나인,2020
1676,코스맥스,2020
1677,코스맥스비티아이,2020
1678,코스맥스엔비티,2020
1679,코스메카코리아,2020
1680,코스모신소재,2020
1681,코스모화학,2020
1682,코스온,2020
1683,코아스,2020
1684,코아스템,2020
1685,코아시아,2020
1686,코아시아옵틱스,2020
1687,코엔텍,2020
1688,코오롱,2020
1689,코오롱글로벌,2020
1690,코오롱머티리얼,2020
1691,코오롱생명과학,2020
1692,코오롱인더,2020
1693,코오롱티슈진,2020
1694,코오롱플라스틱,2020
1695,코웨이,2020
1696,코웰패션,2020
1697,코위버,2020
1698,코윈테크,2020
1699,코이즈,2020
1700,코콤,2020
1701,코퍼스코리아,2020
1702,코프라,2020
1703,콜마비앤에이치,2020
1704,콤텍시스템,2020
1705,쿠콘,2020
1706,쿠쿠홀딩스,2020
1707,쿠쿠홈시스,2020
1708,퀀타매트릭스,2020
1709,큐렉소,2020
1710,큐로,2020
1711,큐로컴,2020
1712,큐로홀딩스,2020
1713,큐리언트,2020
1714,큐브앤컴퍼니,2020
1715,큐브엔터,2020
1716,큐에스아이,2020
1717,큐캐피탈,2020
1718,크라운제과,2020
1719,크라운해태홀딩스,2020
1720,크로바하이텍,2020
1721,크루셜텍,2020
1722,크리스에프앤씨,2020
1723,크리스탈신소재,2020
1724,크리스탈지노믹스,2020
1725,크린앤사이언스,2020
1726,클라우드에어,2020
1727,클래시스,2020
1728,클리노믹스,2020
1729,클리오,2020
1730,키네마스터,2020
1731,키다리스튜디오,2020
1732,키움증권,2020
1733,키이스트,2020
1734,타이거일렉,2020
1735,탑엔지니어링,2020
1736,태경비케이,2020
1737,태경산업,2020
1738,태경케미컬,2020
1739,태광산업,2020
1740,태림포장,2020
1741,태영건설,2020
1742,태웅로직스,2020
1743,태원물산,2020
1744,태평양물산,2020
1745,테고사이언스,2020
1746,테라사이언스,2020
1747,테라젠이텍스,2020
1748,테스나,2020
1749,테이팩스,2020
1750,테크윙,2020
1751,텔레칩스,2020
1752,텔레필드,2020
1753,텔코웨어,2020
1754,텔콘RF제약,2020
1755,토니모리,2020
1756,토박스코리아,2020
1757,토비스,2020
1758,토탈소프트,2020
1759,톱텍,2020
1760,투비소프트,2020
1761,트루윈,2020
1762,특수건설,2020
1763,티라유텍,2020
1764,티로보틱스,2020
1765,티비씨,2020
1766,티사이언티픽,2020
1767,티씨케이,2020
1768,티앤엘,2020
1769,티에스아이,2020
1770,티에스이,2020
1771,티에이치엔,2020
1772,티엘비,2020
1773,티엘아이,2020
1774,티와이홀딩스,2020
1775,티움바이오,2020
1776,티웨이항공,2020
1777,티웨이홀딩스,2020
1778,티케이케미칼,2020
1779,티플랙스,2020
1780,티피씨글로벌,2020
1781,팅크웨어,2020
1782,파나진,2020
1783,파라다이스,2020
1784,파라텍,2020
1785,파루,2020
1786,파멥신,2020
1787,파미셀,2020
1788,파버나인,2020
1789,파세코,2020
1790,파수,2020
1791,파워넷,2020
1792,파워로직스,2020
1793,파이오링크,2020
1794,파인디앤씨,2020
1795,파인디지털,2020
1796,파인테크닉스,2020
1797,파인텍,2020
1798,파커스,2020
1799,파크시스템스,2020
1800,파트론,2020
1801,팍스넷,2020
1802,판타지오,2020
1803,팜스빌,2020
1804,팜스코,2020
1805,팜스토리,2020
1806,팜젠사이언스,2020
1807,패션플랫폼,2020
1808,팬스타엔터프라이즈,2020
1809,팬엔터테인먼트,2020
1810,팬오션,2020
1811,팬젠,2020
1812,퍼스텍,2020
1813,퍼시스,2020
1814,펄어비스,2020
1815,펌텍코리아,2020
1816,페이퍼코리아,2020
1817,펩트론,2020
1818,평화산업,2020
1819,평화홀딩스,2020
1820,포메탈,2020
1821,포스코 ICT,2020
1822,포스코강판,2020
1823,포스코엠텍,2020
1824,포스코인터내셔널,2020
1825,포스코케미칼,2020
1826,포인트모바일,2020
1827,포인트엔지니어링,2020
1828,폴라리스오피스,2020
1829,폴라리스우노,2020
1830,폴라리스웍스,2020
1831,폴루스바이오팜,2020
1832,푸드나무,2020
1833,푸드웰,2020
1834,푸른기술,2020
1835,푸른저축은행,2020
1836,풀무원,2020
1837,풍국주정,2020
1838,풍산,2020
1839,풍산홀딩스,2020
1840,퓨쳐스트림네트웍스,2020
1841,퓨쳐켐,2020
1842,프럼파스트,2020
1843,프레스티지바이오로직스,2020
1844,프로스테믹스,2020
1845,프로텍,2020
1846,프리시젼바이오,2020
1847,프리엠스,2020
1848,플랜티넷,2020
1849,플레이디,2020
1850,플레이위드,2020
1851,플리토,2020
1852,피델릭스,2020
1853,피씨디렉트,2020
1854,피씨엘,2020
1855,피앤씨테크,2020
1856,피에스엠씨,2020
1857,피에스케이,2020
1858,피에스케이홀딩스,2020
1859,피에스텍,2020
1860,피에이치씨,2020
1861,피에이치에이,2020
1862,피엔에이치테크,2020
1863,피엔케이피부임상연구센타,2020
1864,피엔티,2020
1865,피제이메탈,2020
1866,피제이전자,2020
1867,피플바이오,2020
1868,피피아이,2020
1869,픽셀플러스,2020
1870,필옵틱스,2020
1871,핌스,2020
1872,핑거,2020
1873,하나금융14호스팩,2020
1874,하나금융15호스팩,2020
1875,하나금융16호스팩,2020
1876,하나금융17호스팩,2020
1877,하나금융지주,2020
1878,하나기술,2020
1879,하나마이크론,2020
1880,하나머스트7호스팩,2020
1881,하나머티리얼즈,2020
1882,하나제약,2020
1883,하나투어,2020
1884,하림,2020
1885,하림지주,2020
1886,하이로닉,2020
1887,하이록코리아,2020
1888,하이브,2020
1889,하이비젼시스템,2020
1890,하이소닉,2020
1891,하이스틸,2020
1892,하이제5호스팩,2020
1893,하이즈항공,2020
1894,하이텍팜,2020
1895,하이트론,2020
1896,하이트진로,2020
1897,하이트진로홀딩스,2020
1898,하츠,2020
1899,한국9호스팩,2020
1900,한국가구,2020
1901,한국가스공사,2020
1902,한국경제TV,2020
1903,한국공항,2020
1904,한국금융지주,2020
1905,한국기업평가,2020
1906,한국내화,2020
1907,한국단자,2020
1908,한국맥널티,2020
1909,한국바이오젠,2020
1910,한국비엔씨,2020
1911,한국석유,2020
1912,한국선재,2020
1913,한국수출포장,2020
1914,한국쉘석유,2020
1915,한국알콜,2020
1916,한국앤컴퍼니,2020
1917,한국유니온제약,2020
1918,한국자산신탁,2020
1919,한국전력,2020
1920,한국전자금융,2020
1921,한국전자인증,2020
1922,한국전자홀딩스,2020
1923,한국정밀기계,2020
1924,한국정보공학,2020
1925,한국정보인증,2020
1926,한국정보통신,2020
1927,한국제8호스팩,2020
1928,한국조선해양,2020
1929,한국종합기술,2020
1930,한국주강,2020
1931,한국주철관,2020
1932,한국철강,2020
1933,한국카본,2020
1934,한국캐피탈,2020
1935,한국컴퓨터,2020
1936,한국코퍼레이션,2020
1937,한국콜마,2020
1938,한국콜마홀딩스,2020
1939,한국큐빅,2020
1940,한국타이어앤테크놀로지,2020
1941,한국테크놀로지,2020
1942,한국토지신탁,2020
1943,한국특강,2020
1944,한국파마,2020
1945,한국팩키지,2020
1946,한국프랜지,2020
1947,한국항공우주,2020
1948,한국화장품,2020
1949,한국화장품제조,2020
1950,한글과컴퓨터,2020
1951,한네트,2020
1952,한농화성,2020
1953,한독크린텍,2020
1954,한라IMS,2020
1955,한라홀딩스,2020
1956,한미글로벌,2020
1957,한미반도체,2020
1958,한미사이언스,2020
1959,한미약품,2020
1960,한빛소프트,2020
1961,한샘,2020
1962,한섬,2020
1963,한성기업,2020
1964,한세실업,2020
1965,한세엠케이,2020
1966,한세예스24홀딩스,2020
1967,한솔로지스틱스,2020
1968,한솔인티큐브,2020
1969,한솔제지,2020
1970,한솔케미칼,2020
1971,한솔테크닉스,2020
1972,한솔홀딩스,2020
1973,한솔홈데코,2020
1974,한송네오텍,2020
1975,한신공영,2020
1976,한신기계,2020
1977,한양디지텍,2020
1978,한양이엔지,2020
1979,한양증권,2020
1980,한온시스템,2020
1981,한올바이오파마,2020
1982,한익스프레스,2020
1983,한일네트웍스,2020
1984,한일단조,2020
1985,한일사료,2020
1986,한일시멘트,2020
1987,한일진공,2020
1988,한일철강,2020
1989,한일현대시멘트,2020
1990,한일홀딩스,2020
1991,한일화학,2020
1992,한전KPS,2020
1993,한전기술,2020
1994,한전산업,2020
1995,한진중공업,2020
1996,한진중공업홀딩스,2020
1997,한진칼,2020
1998,한창산업,2020
1999,한창제지,2020
2000,한컴MDS,2020
2001,한컴위드,2020
2002,한탑,2020
2003,한프,2020
2004,한화,2020
2005,한화생명,2020
2006,한화손해보험,2020
2007,한화솔루션,2020
2008,한화시스템,2020
2009,한화에스비아이스팩,2020
2010,한화에어로스페이스,2020
2011,한화투자증권,2020
2012,한화플러스제1호스팩,2020
2013,해성디에스,2020
2014,해성산업,2020
2015,해성옵틱스,2020
2016,해태제과식품,2020
2017,핸디소프트,2020
2018,핸즈코퍼레이션,2020
2019,헝셩그룹,2020
2020,헬릭스미스,2020
2021,현대건설,2020
2022,현대건설기계,2020
2023,현대공업,2020
2024,현대그린푸드,2020
2025,현대글로비스,2020
2026,현대로템,2020
2027,현대리바트,2020
2028,현대모비스,2020
2029,현대무벡스,2020
2030,현대미포조선,2020
2031,현대바이오,2020
2032,현대바이오랜드,2020
2033,현대백화점,2020
2034,현대비앤지스틸,2020
2035,현대사료,2020
2036,현대약품,2020
2037,현대에너지솔루션,2020
2038,현대에버다임,2020
2039,현대에이치티,2020
2040,현대엘리베이,2020
2041,현대오토에버,2020
2042,현대위아,2020
2043,현대이지웰,2020
2044,현대일렉트릭,2020
2045,현대제철,2020
2046,현대중공업지주,2020
2047,현대차,2020
2048,현대차증권,2020
2049,현대코퍼레이션,2020
2050,현대코퍼레이션홀딩스,2020
2051,현대퓨처넷,2020
2052,현대해상,2020
2053,현대홈쇼핑,2020
2054,현우산업,2020
2055,현진소재,2020
2056,형지I&C,2020
2057,혜인,2020
2058,호전실업,2020
2059,호텔신라,2020
2060,홈센타홀딩스,2020
2061,홈캐스트,2020
2062,화성밸브,2020
2063,화성산업,2020
2064,화승엔터프라이즈,2020
2065,화승인더,2020
2066,화승코퍼레이션,2020
2067,화신정공,2020
2068,화인베스틸,2020
2069,화일약품,2020
2070,화천기계,2020
2071,화천기공,2020
2072,환인제약,2020
2073,황금에스티,2020
2074,효성ITX,2020
2075,효성중공업,2020
2076,효성첨단소재,2020
2077,효성티앤씨,2020
2078,효성화학,2020
2079,휘닉스소재,2020
2080,휠라홀딩스,2020
2081,휴네시온,2020
2082,휴니드,2020
2083,휴럼,2020
2084,휴림로봇,2020
2085,휴마시스,2020
2086,휴맥스,2020
2087,휴맥스홀딩스,2020
2088,휴먼엔,2020
2089,휴메딕스,2020
2090,휴비스,2020
2091,휴비츠,2020
2092,휴스틸,2020
2093,휴온스,2020
2094,휴온스글로벌,2020
2095,휴온스블러썸,2020
2096,휴젤,2020
2097,휴켐스,2020
2098,흥구석유,2020
2099,흥국에프엔비,2020
2100,흥국화재,2020
2101,흥아해운,2020
2102,희림,2020
2103,힘스,2020
