id,name,yeartime
1,3S,2021
2,AJ네트웍스,2021
3,AK홀딩스,2021
4,APS홀딩스,2021
5,AP시스템,2021
6,AP위성,2021
7,BGF,2021
8,BGF리테일,2021
9,BNK금융지주,2021
10,BYC,2021
11,CBI,2021
12,CJ CGV,2021
13,CJ ENM,2021
14,CJ,2021
15,CJ대한통운,2021
16,CJ씨푸드,2021
17,CJ제일제당,2021
18,CJ프레시웨이,2021
19,CMG제약,2021
20,CNH,2021
21,CNT85,2021
22,CS,2021
23,CSA 코스믹,2021
24,CS홀딩스,2021
25,DB,2021
26,DB금융스팩8호,2021
27,DB금융스팩9호,2021
28,DB금융투자,2021
29,DB손해보험,2021
30,DB하이텍,2021
31,DGB금융지주,2021
32,DL,2021
33,DL건설,2021
34,DL이앤씨,2021
35,DN오토모티브,2021
36,DRB동일,2021
37,DSC인베스트먼트,2021
38,DSR,2021
39,DSR제강,2021
40,E1,2021
41,EDGC,2021
42,EG,2021
43,EMB,2021
44,ESR켄달스퀘어리츠,2021
45,ES큐브,2021
46,EV수성,2021
47,F&F,2021
48,FSN,2021
49,GH신소재,2021
50,GKL,2021
51,GS,2021
52,GST,2021
53,GS건설,2021
54,GS글로벌,2021
55,GS리테일,2021
56,HB솔루션,2021
57,HB테크놀러지,2021
58,HDC,2021
59,HDC랩스,2021
60,HDC현대EP,2021
61,HDC현대산업개발,2021
62,HD현대,2021
63,HJ중공업,2021
64,HK이노엔,2021
65,HLB,2021
66,HLB사이언스,2021
67,HLB생명과학,2021
68,HLB제약,2021
69,HLB테라퓨틱스,2021
70,HMM,2021
71,HRS,2021
72,HSD엔진,2021
73,IBKS제12호스팩,2021
74,IBKS제13호스팩,2021
75,IBKS제16호스팩,2021
76,IBKS제17호스팩,2021
77,iMBC,2021
78,ISC,2021
79,ITX-AI,2021
80,JB금융지주,2021
81,JW생명과학,2021
82,JW신약,2021
83,JW중외제약,2021
84,JW홀딩스,2021
85,JYP Ent.,2021
86,KBG,2021
87,KBI메탈,2021
88,KB금융,2021
89,KB오토시스,2021
90,KCC,2021
91,KCC건설,2021
92,KCI,2021
93,KC그린홀딩스,2021
94,KC산업,2021
95,KC코트렐,2021
96,KEC,2021
97,KG ETS,2021
98,KG모빌리언스,2021
99,KG스틸,2021
100,KG이니시스,2021
101,KG케미칼,2021
102,KH 건설,2021
103,KH 전자,2021
104,KH 필룩스,2021
105,KH바텍,2021
106,KISCO홀딩스,2021
107,KNN,2021
108,KPX생명과학,2021
109,KPX케미칼,2021
110,KPX홀딩스,2021
111,KR모터스,2021
112,KSS해운,2021
113,KT,2021
114,KTcs,2021
115,KTis,2021
116,KT서브마린,2021
117,KX,2021
118,KX하이텍,2021
119,LF,2021
120,LG,2021
121,LG생활건강,2021
122,LG에너지솔루션,2021
123,LG유플러스,2021
124,LG이노텍,2021
125,LG전자,2021
126,LG헬로비전,2021
127,LG화학,2021
128,LIG넥스원,2021
129,LS,2021
130,LS네트웍스,2021
131,LS전선아시아,2021
132,LX세미콘,2021
133,LX인터내셔널,2021
134,LX하우시스,2021
135,LX홀딩스,2021
136,MDS테크,2021
137,MH에탄올,2021
138,NAVER,2021
139,NEW,2021
140,NE능률,2021
141,NHN,2021
142,NHN벅스,2021
143,NHN한국사이버결제,2021
144,NH올원리츠,2021
145,NH프라임리츠,2021
146,NICE,2021
147,NICE평가정보,2021
148,NI스틸,2021
149,OCI,2021
150,PI첨단소재,2021
151,PN풍년,2021
152,POSCO홀딩스,2021
153,RFHIC,2021
154,RF머트리얼즈,2021
155,S&K폴리텍,2021
156,S-Oil,2021
157,SBI인베스트먼트,2021
158,SBS,2021
159,SBS콘텐츠허브,2021
160,SBW생명과학,2021
161,SCI평가정보,2021
162,SDN,2021
163,SFA반도체,2021
164,SG&G,2021
165,SG,2021
166,SGA,2021
167,SGA솔루션즈,2021
168,SGC에너지,2021
169,SGC이테크건설,2021
170,SG글로벌,2021
171,SG세계물산,2021
172,SHD,2021
173,SH에너지화학,2021
174,SIMPAC,2021
175,SK5호스팩,2021
176,SK6호스팩,2021
177,SKC,2021
178,SK가스,2021
179,SK네트웍스,2021
180,SK디스커버리,2021
181,SK디앤디,2021
182,SK렌터카,2021
183,SK리츠,2021
184,SK바이오사이언스,2021
185,SK스퀘어,2021
186,SK시그넷,2021
187,SK아이이테크놀로지,2021
188,SK이노베이션,2021
189,SK케미칼,2021
190,SM C&C,2021
191,SM Life Design,2021
192,SNT모티브,2021
193,SNT에너지,2021
194,SNT중공업,2021
195,SNT홀딩스,2021
196,SPC삼립,2021
197,STX,2021
198,STX엔진,2021
199,SUN&L,2021
200,SV인베스트먼트,2021
201,TCC스틸,2021
202,THE E&M,2021
203,THE MIDONG,2021
204,THQ,2021
205,TJ미디어,2021
206,TKG애강,2021
207,TPC,2021
208,TS인베스트먼트,2021
209,TS트릴리온,2021
210,TYM,2021
211,UCI,2021
212,WI,2021
213,WISCOM,2021
214,YBM넷,2021
215,YG PLUS,2021
216,YTN,2021
217,YW,2021
218,가비아,2021
219,가온전선,2021
220,감성코퍼레이션,2021
221,강남제비스코,2021
222,강스템바이오텍,2021
223,강원에너지,2021
224,갤럭시아머니트리,2021
225,갤럭시아에스엠,2021
226,경남스틸,2021
227,경농,2021
228,경동나비엔,2021
229,경동도시가스,2021
230,경동인베스트,2021
231,경동제약,2021
232,경보제약,2021
233,경인양행,2021
234,경창산업,2021
235,계룡건설,2021
236,계양전기,2021
237,고려산업,2021
238,고려신용정보,2021
239,고려아연,2021
240,고려제강,2021
241,고려제약,2021
242,고바이오랩,2021
243,고영,2021
244,골드앤에스,2021
245,골드퍼시픽,2021
246,골프존,2021
247,골프존뉴딘홀딩스,2021
248,골프존데카,2021
249,공구우먼,2021
250,관악산업,2021
251,광동제약,2021
252,광무,2021
253,광전자,2021
254,광주신세계,2021
255,광진실업,2021
256,교보11호스팩,2021
257,교보9호스팩,2021
258,교촌에프앤비,2021
259,구영테크,2021
260,국도화학,2021
261,국동,2021
262,국보,2021
263,국보디자인,2021
264,국영지앤엠,2021
265,국일신동,2021
266,국일제지,2021
267,국전약품,2021
268,국제약품,2021
269,굿센,2021
270,그래디언트,2021
271,그리티,2021
272,그린케미칼,2021
273,그린플러스,2021
274,극동유화,2021
275,글로본,2021
276,금강철강,2021
277,금양,2021
278,금호건설,2021
279,금호석유,2021
280,금호에이치티,2021
281,금호전기,2021
282,금호타이어,2021
283,금화피에스시,2021
284,기산텔레콤,2021
285,기신정기,2021
286,까뮤이앤씨,2021
287,까스텔바작,2021
288,깨끗한나라,2021
289,나노,2021
290,나노브릭,2021
291,나노신소재,2021
292,나노씨엠에스,2021
293,나노엔텍,2021
294,나노캠텍,2021
295,나라소프트,2021
296,나라엠앤디,2021
297,나래나노텍,2021
298,나무가,2021
299,나무기술,2021
300,나스미디어,2021
301,나우IB,2021
302,나우코스,2021
303,나이벡,2021
304,나이스디앤비,2021
305,나이스정보통신,2021
306,남광토건,2021
307,남선알미늄,2021
308,남성,2021
309,남양유업,2021
310,남해화학,2021
311,남화산업,2021
312,남화토건,2021
313,내츄럴엔도텍,2021
314,네오셈,2021
315,네오오토,2021
316,네오위즈,2021
317,네오위즈홀딩스,2021
318,네오크레마,2021
319,네오티스,2021
320,네오팜,2021
321,네오펙트,2021
322,네온테크,2021
323,네패스,2021
324,네패스아크,2021
325,넥센,2021
326,넥센타이어,2021
327,넥스턴바이오,2021
328,넥스트아이,2021
329,넥스틴,2021
330,넥슨게임즈,2021
331,노드메이슨,2021
332,노랑풍선,2021
333,노루페인트,2021
334,노루홀딩스,2021
335,노바렉스,2021
336,노바텍,2021
337,노브메타파마,2021
338,노블엠앤비,2021
339,노을,2021
340,노터스,2021
341,녹십자,2021
342,녹십자엠에스,2021
343,녹십자웰빙,2021
344,녹십자홀딩스,2021
345,농심,2021
346,농심홀딩스,2021
347,농우바이오,2021
348,누리플랜,2021
349,누리플렉스,2021
350,뉴로스,2021
351,뉴보텍,2021
352,뉴인텍,2021
353,뉴지랩파마,2021
354,뉴트리,2021
355,뉴파워프라즈마,2021
356,뉴프렉스,2021
357,다나와,2021
358,다믈멀티미디어,2021
359,다보링크,2021
360,다산네트웍스,2021
361,다올인베스트먼트,2021
362,다올투자증권,2021
363,다우기술,2021
364,다우데이타,2021
365,다원넥스뷰,2021
366,다원시스,2021
367,다이나믹디자인,2021
368,다이오진,2021
369,대구백화점,2021
370,대덕전자,2021
371,대동기어,2021
372,대동스틸,2021
373,대륙제관,2021
374,대림제지,2021
375,대명소노시즌,2021
376,대모,2021
377,대보마그네틱,2021
378,대봉엘에스,2021
379,대상,2021
380,대상홀딩스,2021
381,대성미생물,2021
382,대성엘텍,2021
383,대성창투,2021
384,대성파인텍,2021
385,대신밸런스제10호스팩,2021
386,대신밸런스제11호스팩,2021
387,대신정보통신,2021
388,대아티아이,2021
389,대양금속,2021
390,대양전기공업,2021
391,대양제지,2021
392,대우건설,2021
393,대우조선해양,2021
394,대웅,2021
395,대웅제약,2021
396,대원강업,2021
397,대원산업,2021
398,대원제약,2021
399,대유에이피,2021
400,대정화금,2021
401,대주산업,2021
402,대창단조,2021
403,대창솔루션,2021
404,대한과학,2021
405,대한광통신,2021
406,대한그린파워,2021
407,대한방직,2021
408,대한약품,2021
409,대한유화,2021
410,대한전선,2021
411,대한제강,2021
412,대한제당,2021
413,대한제분,2021
414,대한항공,2021
415,대한해운,2021
416,대한화섬,2021
417,대현,2021
418,대호에이엘,2021
419,대화제약,2021
420,더네이쳐홀딩스,2021
421,더블유게임즈,2021
422,더블유에스아이,2021
423,더존비즈온,2021
424,더콘텐츠온,2021
425,덕산네오룩스,2021
426,덕산테코피아,2021
427,덕산하이메탈,2021
428,덕양산업,2021
429,덕우전자,2021
430,데브시스터즈,2021
431,데이드림엔터,2021
432,데이터스트림즈,2021
433,덱스터,2021
434,덴티움,2021
435,도부마스크,2021
436,도화엔지니어링,2021
437,동구바이오제약,2021
438,동국S&C,2021
439,동국알앤에스,2021
440,동국제강,2021
441,동남합성,2021
442,동방선기,2021
443,동방아그로,2021
444,동부건설,2021
445,동성제약,2021
446,동성케미컬,2021
447,동성화인텍,2021
448,동신건설,2021
449,동아쏘시오홀딩스,2021
450,동아에스티,2021
451,동아엘텍,2021
452,동아지질,2021
453,동아타이어,2021
454,동아화성,2021
455,동양,2021
456,동양고속,2021
457,동양생명,2021
458,동양에스텍,2021
459,동양이엔피,2021
460,동양철관,2021
461,동양파일,2021
462,동양피스톤,2021
463,동우팜투테이블,2021
464,동운아나텍,2021
465,동원F&B,2021
466,동원금속,2021
467,동원산업,2021
468,동원수산,2021
469,동원시스템즈,2021
470,동일고무벨트,2021
471,동일금속,2021
472,동일제강,2021
473,동진쎄미켐,2021
474,동화약품,2021
475,두산,2021
476,두산밥캣,2021
477,두산에너빌리티,2021
478,두산테스나,2021
479,두산퓨얼셀,2021
480,두올,2021
481,듀오백,2021
482,듀켐바이오,2021
483,드림시큐리티,2021
484,드림씨아이에스,2021
485,드림어스컴퍼니,2021
486,디딤,2021
487,디바이스이엔지,2021
488,디스플레이텍,2021
489,디아이씨,2021
490,디아이티,2021
491,디아크,2021
492,디알젬,2021
493,디앤디플랫폼리츠,2021
494,디앤씨미디어,2021
495,디어유,2021
496,디에스앤엘,2021
497,디에이테크놀로지,2021
498,디에이피,2021
499,디엑스앤브이엑스,2021
500,디엔에이링크,2021
501,디엔에프,2021
502,디와이디,2021
503,디와이파워,2021
504,디와이피엔에프,2021
505,디이엔티,2021
506,디젠스,2021
507,디지아이,2021
508,디지캡,2021
509,디지털대성,2021
510,디지틀조선,2021
511,디케이락,2021
512,디케이티,2021
513,디티앤씨,2021
514,디피코,2021
515,딜리,2021
516,딥노이드,2021
517,라닉스,2021
518,라온시큐어,2021
519,라온테크,2021
520,라온피플,2021
521,라이온켐텍,2021
522,라이트론,2021
523,라이프사이언스테크놀로지,2021
524,라이프시맨틱스,2021
525,라파스,2021
526,라피치,2021
527,락앤락,2021
528,래몽래인,2021
529,램테크놀러지,2021
530,랩지노믹스,2021
531,럭스피아,2021
532,레고켐바이오,2021
533,레드캡투어,2021
534,레몬,2021
535,레이,2021
536,레이언스,2021
537,레이크머티리얼즈,2021
538,레인보우로보틱스,2021
539,로보스타,2021
540,로보쓰리,2021
541,로보티즈,2021
542,로지스몬,2021
543,로지시스,2021
544,로체시스템즈,2021
545,롯데관광개발,2021
546,롯데렌탈,2021
547,롯데리츠,2021
548,롯데쇼핑,2021
549,롯데정밀화학,2021
550,롯데정보통신,2021
551,롯데제과,2021
552,롯데지주,2021
553,롯데칠성,2021
554,롯데케미칼,2021
555,롯데하이마트,2021
556,루멘스,2021
557,루켄테크놀러지스,2021
558,루트락,2021
559,루트로닉,2021
560,룽투코리아,2021
561,리노공업,2021
562,리노스,2021
563,리더스 기술투자,2021
564,리더스코스메틱,2021
565,리드코프,2021
566,리메드,2021
567,리파인,2021
568,린드먼아시아,2021
569,링네트,2021
570,링크제니시스,2021
571,마니커,2021
572,마니커에프앤지,2021
573,마이크로디지탈,2021
574,마이크로컨텍솔,2021
575,마이크로프랜드,2021
576,마인즈랩,2021
577,마크로젠,2021
578,만도,2021
579,매일유업,2021
580,매일홀딩스,2021
581,매커스,2021
582,맥스트,2021
583,머큐리,2021
584,멀티캠퍼스,2021
585,메가스터디,2021
586,메가스터디교육,2021
587,메가엠디,2021
588,메드팩토,2021
589,메디쎄이,2021
590,메디아나,2021
591,메디안디노스틱,2021
592,메디앙스,2021
593,메디젠휴먼케어,2021
594,메디콕스,2021
595,메디톡스,2021
596,메디포스트,2021
597,메디프론,2021
598,메리츠금융지주,2021
599,메이슨캐피탈,2021
600,메지온,2021
601,메카로,2021
602,메타랩스,2021
603,메타바이오메드,2021
604,멕아이씨에스,2021
605,멜파스,2021
606,명성티엔에스,2021
607,명진홀딩스,2021
608,모나리자,2021
609,모나미,2021
610,모다이노칩,2021
611,모두투어,2021
612,모두투어리츠,2021
613,모바일리더,2021
614,모바일어플라이언스,2021
615,모베이스전자,2021
616,모비데이즈,2021
617,모비릭스,2021
618,모비스,2021
619,모아데이타,2021
620,모아텍,2021
621,모토닉,2021
622,모트렉스,2021
623,모헨즈,2021
624,무림P&P,2021
625,무림SP,2021
626,무림페이퍼,2021
627,무송지오씨,2021
628,무진메디,2021
629,무학,2021
630,문배철강,2021
631,미디어젠,2021
632,미래나노텍,2021
633,미래생명자원,2021
634,미래아이앤지,2021
635,미래에셋글로벌리츠,2021
636,미래에셋대우스팩 5호,2021
637,미래에셋맵스리츠,2021
638,미래에셋벤처투자,2021
639,미래에셋증권,2021
640,미래엔에듀파트너,2021
641,미래컴퍼니,2021
642,미원상사,2021
643,미원에스씨,2021
644,미원홀딩스,2021
645,미원화학,2021
646,미창석유,2021
647,미투온,2021
648,바디텍메드,2021
649,바른손,2021
650,바른손이앤에이,2021
651,바스칸바이오제약,2021
652,바이넥스,2021
653,바이브컴퍼니,2021
654,바이오니아,2021
655,바이오다인,2021
656,바이오로그디바이스,2021
657,바이오솔루션,2021
658,바이오스마트,2021
659,바이오시네틱스,2021
660,바이오에프디엔씨,2021
661,바이오인프라생명과학,2021
662,바이오톡스텍,2021
663,바이오프로테크,2021
664,바이오플러스,2021
665,바이온,2021
666,바이옵트로,2021
667,바이젠셀,2021
668,박셀바이오,2021
669,배럴,2021
670,백광산업,2021
671,백금T&A,2021
672,백산,2021
673,버킷스튜디오,2021
674,범양건영,2021
675,베노홀딩스,2021
676,베뉴지,2021
677,베른,2021
678,베셀,2021
679,베스파,2021
680,보광산업,2021
681,보라티알,2021
682,보락,2021
683,보령,2021
684,보로노이,2021
685,보성파워텍,2021
686,보해양조,2021
687,볼빅,2021
688,부광약품,2021
689,부국증권,2021
690,부국철강,2021
691,부산산업,2021
692,부산주공,2021
693,부스타,2021
694,뷰노,2021
695,뷰웍스,2021
696,브랜드엑스코퍼레이션,2021
697,브레인즈컴퍼니,2021
698,브리지텍,2021
699,브릿지바이오테라퓨틱스,2021
700,브이씨,2021
701,브이원텍,2021
702,브이티지엠피,2021
703,블루베리 NFT,2021
704,블루탑,2021
705,블리츠웨이,2021
706,비나텍,2021
707,비덴트,2021
708,비디아이,2021
709,비보존 헬스케어,2021
710,비비씨,2021
711,비비안,2021
712,비상교육,2021
713,비씨엔씨,2021
714,비씨월드제약,2021
715,비아트론,2021
716,비에이치아이,2021
717,비엔디생활건강,2021
718,비엘팜텍,2021
719,비엠티,2021
720,비즈니스온,2021
721,비츠로셀,2021
722,비츠로시스,2021
723,비츠로테크,2021
724,비케이탑스,2021
725,비트나인,2021
726,비트컴퓨터,2021
727,비플라이소프트,2021
728,비피도,2021
729,빅솔론,2021
730,빅텍,2021
731,빙그레,2021
732,뿌리깊은나무들,2021
733,사람인에이치알,2021
734,사조대림,2021
735,사조동아원,2021
736,사조산업,2021
737,사조오양,2021
738,삼강엠앤티,2021
739,삼기,2021
740,삼목에스폼,2021
741,삼보모터스,2021
742,삼보산업,2021
743,삼보판지,2021
744,삼부토건,2021
745,삼성SDI,2021
746,삼성공조,2021
747,삼성머스트스팩5호,2021
748,삼성물산,2021
749,삼성바이오로직스,2021
750,삼성생명,2021
751,삼성스팩4호,2021
752,삼성에스디에스,2021
753,삼성엔지니어링,2021
754,삼성전기,2021
755,삼성전자,2021
756,삼성중공업,2021
757,삼성출판사,2021
758,삼성카드,2021
759,삼아알미늄,2021
760,삼아제약,2021
761,삼양식품,2021
762,삼양옵틱스,2021
763,삼양통상,2021
764,삼양패키징,2021
765,삼양홀딩스,2021
766,삼영무역,2021
767,삼영에스앤씨,2021
768,삼영엠텍,2021
769,삼영이엔씨,2021
770,삼영전자,2021
771,삼원강재,2021
772,삼익THK,2021
773,삼익악기,2021
774,삼일기업공사,2021
775,삼일씨엔에스,2021
776,삼일제약,2021
777,삼정펄프,2021
778,삼지전자,2021
779,삼진엘앤디,2021
780,삼진제약,2021
781,삼천당제약,2021
782,삼천리자전거,2021
783,삼표시멘트,2021
784,삼현철강,2021
785,삼화네트웍스,2021
786,삼화왕관,2021
787,삼화전기,2021
788,삼화전자,2021
789,삼화페인트,2021
790,상보,2021
791,상상인인더스트리,2021
792,상상인증권,2021
793,상신브레이크,2021
794,상신이디피,2021
795,상신전자,2021
796,상아프론테크,2021
797,상지카일룸,2021
798,새로닉스,2021
799,새론오토모티브,2021
800,샘씨엔에스,2021
801,샘표,2021
802,샘표식품,2021
803,서남,2021
804,서린바이오,2021
805,서부T&D,2021
806,서산,2021
807,서암기계공업,2021
808,서연,2021
809,서연이화,2021
810,서울바이오시스,2021
811,서울반도체,2021
812,서울식품,2021
813,서울옥션,2021
814,서울제약,2021
815,서원인텍,2021
816,서전기전,2021
817,서진시스템,2021
818,서진오토모티브,2021
819,서플러스글로벌,2021
820,서한,2021
821,서호전기,2021
822,서희건설,2021
823,석경에이티,2021
824,선익시스템,2021
825,선진뷰티사이언스,2021
826,성광벤드,2021
827,성문전자,2021
828,성보화학,2021
829,성신양회,2021
830,성안,2021
831,성우테크론,2021
832,성우하이텍,2021
833,성창기업지주,2021
834,성창오토텍,2021
835,세경하이테크,2021
836,세동,2021
837,세림B&G,2021
838,세명전기,2021
839,세방,2021
840,세방전지,2021
841,세보엠이씨,2021
842,세아메카닉스,2021
843,세아베스틸지주,2021
844,세아제강,2021
845,세아제강지주,2021
846,세아특수강,2021
847,세아홀딩스,2021
848,세우글로벌,2021
849,세운메디칼,2021
850,세원이앤씨,2021
851,세이브존I&C,2021
852,세종공업,2021
853,세종메디칼,2021
854,세종텔레콤,2021
855,세진중공업,2021
856,세진티에스,2021
857,세코닉스,2021
858,세토피아,2021
859,세하,2021
860,센코,2021
861,센트랄모텍,2021
862,센트럴인사이트,2021
863,셀레믹스,2021
864,셀루메드,2021
865,셀리드,2021
866,셀리버리,2021
867,셀바스AI,2021
868,셀바스헬스케어,2021
869,셀젠텍,2021
870,셀트리온제약,2021
871,셀트리온헬스케어,2021
872,소니드,2021
873,소룩스,2021
874,소프트센,2021
875,소프트캠프,2021
876,손오공,2021
877,솔고바이오,2021
878,솔루스첨단소재,2021
879,솔루에타,2021
880,솔루엠,2021
881,솔본,2021
882,솔브레인,2021
883,솔브레인홀딩스,2021
884,솔트룩스,2021
885,솔트웨어,2021
886,수산아이앤티,2021
887,수산중공업,2021
888,수젠텍,2021
889,수프로,2021
890,슈프리마,2021
891,슈프리마아이디,2021
892,슈프리마에이치큐,2021
893,슈피겐코리아,2021
894,스마트솔루션즈,2021
895,스카이문스테크놀로지,2021
896,스코넥,2021
897,스타플렉스,2021
898,스템랩,2021
899,스톤브릿지벤처스,2021
900,스튜디오드래곤,2021
901,스페코,2021
902,승일,2021
903,시공테크,2021
904,시그네틱스,2021
905,시너지이노베이션,2021
906,시디즈,2021
907,시스웍,2021
908,시큐브,2021
909,시큐센,2021
910,시티랩스,2021
911,신대양제지,2021
912,신도기연,2021
913,신도리코,2021
914,신라교역,2021
915,신라섬유,2021
916,신라에스지,2021
917,신라젠,2021
918,신성델타테크,2021
919,신세계 I&C,2021
920,신세계,2021
921,신세계건설,2021
922,신세계인터내셔날,2021
923,신세계푸드,2021
924,신송홀딩스,2021
925,신신제약,2021
926,신영스팩6호,2021
927,신영와코루,2021
928,신영증권,2021
929,신원종합개발,2021
930,신일전자,2021
931,신일제약,2021
932,신진에스엠,2021
933,신테카바이오,2021
934,신풍제약,2021
935,신풍제지,2021
936,신한서부티엔디리츠,2021
937,신한알파리츠,2021
938,신한제6호스팩,2021
939,신한제7호스팩,2021
940,신한제8호스팩,2021
941,신한지주,2021
942,신화인터텍,2021
943,신화콘텍,2021
944,신흥에스이씨,2021
945,실리콘투,2021
946,심텍,2021
947,심텍홀딩스,2021
948,싸이맥스,2021
949,싸이버원,2021
950,싸이토젠,2021
951,쌍방울,2021
952,쌍용정보통신,2021
953,써니전자,2021
954,쎄노텍,2021
955,쎄니트,2021
956,쎄트렉아이,2021
957,쎌마테라퓨틱스,2021
958,쎌바이오텍,2021
959,쏠리드,2021
960,씨씨에스,2021
961,씨아이에스,2021
962,씨아이테크,2021
963,씨알푸드,2021
964,씨앗,2021
965,씨앤씨인터내셔널,2021
966,씨앤에스링크,2021
967,씨앤지하이테크,2021
968,씨앤투스성진,2021
969,씨에스베어링,2021
970,씨에스윈드,2021
971,씨엔알리서치,2021
972,씨엔티드림,2021
973,씨엔플러스,2021
974,씨유메디칼,2021
975,씨유테크,2021
976,씨이랩,2021
977,씨젠,2021
978,씨큐브,2021
979,씨티씨바이오,2021
980,아가방컴퍼니,2021
981,아나패스,2021
982,아모그린텍,2021
983,아모레퍼시픽,2021
984,아모센스,2021
985,아모텍,2021
986,아미노로직스,2021
987,아미코젠,2021
988,아바코,2021
989,아바텍,2021
990,아비코전자,2021
991,아세아,2021
992,아세아시멘트,2021
993,아세아제지,2021
994,아센디오,2021
995,아셈스,2021
996,아스타,2021
997,아스트,2021
998,아스플로,2021
999,아시아경제,2021
1000,아시아나IDT,2021
1001,아시아나항공,2021
1002,아우딘퓨쳐스,2021
1003,아이디스홀딩스,2021
1004,아이디피,2021
1005,아이마켓코리아,2021
1006,아이비김영,2021
1007,아이센스,2021
1008,아이스크림에듀,2021
1009,아이쓰리시스템,2021
1010,아이씨디,2021
1011,아이씨케이,2021
1012,아이에스동서,2021
1013,아이에스이커머스,2021
1014,아이에이,2021
1015,아이엘사이언스,2021
1016,아이오케이,2021
1017,아이원스,2021
1018,아이윈,2021
1019,아이윈플러스,2021
1020,아이즈비전,2021
1021,아이진,2021
1022,아이컴포넌트,2021
1023,아이케이세미콘,2021
1024,아이퀘스트,2021
1025,아이큐어,2021
1026,아이크래프트,2021
1027,아이톡시,2021
1028,아이티센,2021
1029,아이티아이즈,2021
1030,아이티엠반도체,2021
1031,아이패밀리에스씨,2021
1032,아주IB투자,2021
1033,아주스틸,2021
1034,아진엑스텍,2021
1035,아톤,2021
1036,아퓨어스,2021
1037,아프리카TV,2021
1038,안국약품,2021
1039,안지오랩,2021
1040,안트로젠,2021
1041,알로이스,2021
1042,알리코제약,2021
1043,알비더블유,2021
1044,알에스오토메이션,2021
1045,알에프세미,2021
1046,알에프텍,2021
1047,알엔투테크놀로지,2021
1048,알체라,2021
1049,알테오젠,2021
1050,알톤스포츠,2021
1051,알티캐스트,2021
1052,알파홀딩스,2021
1053,압타머사이언스,2021
1054,압타바이오,2021
1055,앙츠,2021
1056,애경산업,2021
1057,애경케미칼,2021
1058,애니젠,2021
1059,애니플러스,2021
1060,애드바이오텍,2021
1061,액토즈소프트,2021
1062,액트로,2021
1063,앤디포스,2021
1064,앤씨앤,2021
1065,앱코,2021
1066,앱클론,2021
1067,야스,2021
1068,어보브반도체,2021
1069,어스앤에어로스페이스,2021
1070,엄지하우스,2021
1071,에너토크,2021
1072,에넥스,2021
1073,에브리봇,2021
1074,에스넷,2021
1075,에스디바이오센서,2021
1076,에스디생명공학,2021
1077,에스디시스템,2021
1078,에스맥,2021
1079,에스씨디,2021
1080,에스씨엠생명과학,2021
1081,에스아이리소스,2021
1082,에스알바이오텍,2021
1083,에스앤더블류,2021
1084,에스앤디,2021
1085,에스앤에스텍,2021
1086,에스에너지,2021
1087,에스에이엠티,2021
1088,에스에이티이엔지,2021
1089,에스에프에이,2021
1090,에스엔유,2021
1091,에스엔피제네틱스,2021
1092,에스엘바이오닉스,2021
1093,에스엘에스바이오,2021
1094,에스엠벡셀,2021
1095,에스엠비나,2021
1096,에스엠코어,2021
1097,에스원,2021
1098,에스제이그룹,2021
1099,에스제이켐,2021
1100,에스케이씨에스,2021
1101,에스케이증권7호스팩,2021
1102,에스코넥,2021
1103,에스텍파마,2021
1104,에스트래픽,2021
1105,에스티큐브,2021
1106,에스티팜,2021
1107,에스폴리텍,2021
1108,에스퓨얼셀,2021
1109,에스피시스템스,2021
1110,에스피지,2021
1111,에쎈테크,2021
1112,에쓰씨엔지니어링,2021
1113,에어부산,2021
1114,에이디엠코리아,2021
1115,에이디칩스,2021
1116,에이디테크놀로지,2021
1117,에이루트,2021
1118,에이리츠,2021
1119,에이블씨엔씨,2021
1120,에이비엘바이오,2021
1121,에이비온,2021
1122,에이비프로바이오,2021
1123,에이스침대,2021
1124,에이스토리,2021
1125,에이에프더블류,2021
1126,에이원알폼,2021
1127,에이치시티,2021
1128,에이치앤비디자인,2021
1129,에이치엔에스하이텍,2021
1130,에이치엠씨제4호스팩,2021
1131,에이치엠씨제5호스팩,2021
1132,에이치피오,2021
1133,에이테크솔루션,2021
1134,에이텍,2021
1135,에이텍티앤,2021
1136,에이트원,2021
1137,에이티넘인베스트,2021
1138,에이티세미콘,2021
1139,에이팩트,2021
1140,에이펙스인텍,2021
1141,에이프로젠 H&G,2021
1142,에이프로젠,2021
1143,에이프로젠제약,2021
1144,에이플러스에셋,2021
1145,에이피티씨,2021
1146,에치에프알,2021
1147,에코마케팅,2021
1148,에코바이오,2021
1149,에코캡,2021
1150,에코프로,2021
1151,에코프로비엠,2021
1152,에코프로에이치엔,2021
1153,에코플라스틱,2021
1154,에프알텍,2021
1155,에프앤가이드,2021
1156,에프앤리퍼블릭,2021
1157,에프에스티,2021
1158,에프엔씨엔터,2021
1159,에프엔에스테크,2021
1160,엑사이엔씨,2021
1161,엑셈,2021
1162,엑스큐어,2021
1163,엑시콘,2021
1164,엔바이오니아,2021
1165,엔브이에이치코리아,2021
1166,엔비티,2021
1167,엔솔바이오사이언스,2021
1168,엔시스,2021
1169,엔씨소프트,2021
1170,엔에스컴퍼니,2021
1171,엔에이치스팩19호,2021
1172,엔에이치스팩20호,2021
1173,엔에이치스팩22호,2021
1174,엔에프씨,2021
1175,엔젠바이오,2021
1176,엔지브이아이,2021
1177,엔지스테크널러지,2021
1178,엔지켐생명과학,2021
1179,엔켐,2021
1180,엔텔스,2021
1181,엔피디,2021
1182,엔피케이,2021
1183,엘디티,2021
1184,엘비루셈,2021
1185,엘비세미콘,2021
1186,엘아이에스,2021
1187,엘앤에프,2021
1188,엘앤케이바이오,2021
1189,엘에이티,2021
1190,엘엠에스,2021
1191,엘컴텍,2021
1192,엠게임,2021
1193,엠로,2021
1194,엠씨넥스,2021
1195,엠아이텍,2021
1196,엠에스오토텍,2021
1197,엠에프엠코리아,2021
1198,엠투아이,2021
1199,엠투엔,2021
1200,엠플러스,2021
1201,엠피대산,2021
1202,연이비앤티,2021
1203,영림원소프트랩,2021
1204,영보화학,2021
1205,영신금속,2021
1206,영우디에스피,2021
1207,영원무역,2021
1208,영진약품,2021
1209,영풍제지,2021
1210,영화금속,2021
1211,영화테크,2021
1212,예선테크,2021
1213,예스24,2021
1214,예스코홀딩스,2021
1215,예스티,2021
1216,오공,2021
1217,오디텍,2021
1218,오로라,2021
1219,오로스테크놀로지,2021
1220,오르비텍,2021
1221,오리엔탈정공,2021
1222,오리엔트바이오,2021
1223,오리엔트정공,2021
1224,오리온홀딩스,2021
1225,오리콤,2021
1226,오상자이엘,2021
1227,오성첨단소재,2021
1228,오션브릿지,2021
1229,오션스톤,2021
1230,오스테오닉,2021
1231,오스템,2021
1232,오스템임플란트,2021
1233,오이솔루션,2021
1234,오킨스전자,2021
1235,오텍,2021
1236,오토앤,2021
1237,오파스넷,2021
1238,오픈베이스,2021
1239,올리패스,2021
1240,옴니시스템,2021
1241,옵투스제약,2021
1242,옵트론텍,2021
1243,옵티시스,2021
1244,옵티팜,2021
1245,와이더플래닛,2021
1246,와이솔,2021
1247,와이아이케이,2021
1248,와이어블,2021
1249,와이엔텍,2021
1250,와이엠씨,2021
1251,와이엠티,2021
1252,와이오엠,2021
1253,와이즈버즈,2021
1254,와이지엔터테인먼트,2021
1255,와이투솔루션,2021
1256,와이팜,2021
1257,와토스코리아,2021
1258,용평리조트,2021
1259,우리기술,2021
1260,우리기술투자,2021
1261,우리넷,2021
1262,우리로,2021
1263,우리산업홀딩스,2021
1264,우리손에프앤지,2021
1265,우리엔터프라이즈,2021
1266,우리이앤엘,2021
1267,우림피티에스,2021
1268,우수AMS,2021
1269,우신시스템,2021
1270,우정바이오,2021
1271,우주일렉트로,2021
1272,우진아이엔에스,2021
1273,웅진씽크빅,2021
1274,원림,2021
1275,원바이오젠,2021
1276,원방테크,2021
1277,원익,2021
1278,원익IPS,2021
1279,원익QnC,2021
1280,원익머트리얼즈,2021
1281,원익큐브,2021
1282,원익피앤이,2021
1283,원익홀딩스,2021
1284,원일특강,2021
1285,원준,2021
1286,원티드랩,2021
1287,원포유,2021
1288,월덱스,2021
1289,웨이브일렉트로,2021
1290,웰바이오텍,2021
1291,웰크론,2021
1292,웰크론한텍,2021
1293,웹스,2021
1294,웹젠,2021
1295,웹케시,2021
1296,위니아,2021
1297,위더스제약,2021
1298,위메이드,2021
1299,위메이드맥스,2021
1300,위메이드플레이,2021
1301,위세아이텍,2021
1302,위월드,2021
1303,위즈코프,2021
1304,위지윅스튜디오,2021
1305,위지트,2021
1306,윈팩,2021
1307,윈하이텍,2021
1308,윌링스,2021
1309,윌비스,2021
1310,유나이티드제약,2021
1311,유네코,2021
1312,유니드,2021
1313,유니슨,2021
1314,유니온머티리얼,2021
1315,유니온커뮤니티,2021
1316,유니퀘스트,2021
1317,유니테스트,2021
1318,유니테크노,2021
1319,유니트론텍,2021
1320,유니포인트,2021
1321,유라테크,2021
1322,유바이오로직스,2021
1323,유비벨록스,2021
1324,유비온,2021
1325,유비케어,2021
1326,유비쿼스,2021
1327,유비쿼스홀딩스,2021
1328,유성기업,2021
1329,유수홀딩스,2021
1330,유신,2021
1331,유아이디,2021
1332,유아이엘,2021
1333,유안타제7호스팩,2021
1334,유안타제8호스팩,2021
1335,유엑스엔,2021
1336,유엔젤,2021
1337,유유제약,2021
1338,유일로보틱스,2021
1339,유일에너테크,2021
1340,유진기업,2021
1341,유진로봇,2021
1342,유진스팩6호,2021
1343,유진스팩7호,2021
1344,유진테크,2021
1345,유투바이오,2021
1346,유티아이,2021
1347,유틸렉스,2021
1348,유한양행,2021
1349,유화증권,2021
1350,육일씨엔에쓰,2021
1351,율촌화학,2021
1352,율호,2021
1353,이건산업,2021
1354,이건홀딩스,2021
1355,이구산업,2021
1356,이글루,2021
1357,이글벳,2021
1358,이노뎁,2021
1359,이노메트리,2021
1360,이노션,2021
1361,이노시스,2021
1362,이노와이어리스,2021
1363,이노진,2021
1364,이노테라피,2021
1365,이녹스,2021
1366,이녹스첨단소재,2021
1367,이니텍,2021
1368,이라이콤,2021
1369,이랜시스,2021
1370,이랜텍,2021
1371,이루온,2021
1372,이리츠코크렙,2021
1373,이마트,2021
1374,이미지스,2021
1375,이베스트스팩5호,2021
1376,이브이첨단소재,2021
1377,이삭엔지니어링,2021
1378,이상네트웍스,2021
1379,이성씨엔아이,2021
1380,이수앱지스,2021
1381,이수화학,2021
1382,이스타코,2021
1383,이스트소프트,2021
1384,이씨에스,2021
1385,이아이디,2021
1386,이앤에치,2021
1387,이엔드디,2021
1388,이엔에프테크놀로지,2021
1389,이엔코퍼레이션,2021
1390,이엔플러스,2021
1391,이엘피,2021
1392,이엠넷,2021
1393,이엠앤아이,2021
1394,이엠텍,2021
1395,이엠티,2021
1396,이연제약,2021
1397,이오테크닉스,2021
1398,이오플로우,2021
1399,이원컴포텍,2021
1400,이월드,2021
1401,이즈미디어,2021
1402,이지바이오,2021
1403,이지스레지던스리츠,2021
1404,이지케어텍,2021
1405,이지트로닉스,2021
1406,이지홀딩스,2021
1407,이큐셀,2021
1408,이크레더블,2021
1409,이트론,2021
1410,이퓨쳐,2021
1411,이화공영,2021
1412,이화산업,2021
1413,이화전기,2021
1414,인디에프,2021
1415,인바디,2021
1416,인바이오젠,2021
1417,인바이츠바이오코아,2021
1418,인산가,2021
1419,인선이엔티,2021
1420,인성정보,2021
1421,인스코비,2021
1422,인지디스플레,2021
1423,인지컨트롤스,2021
1424,인천도시가스,2021
1425,인카금융서비스,2021
1426,인콘,2021
1427,인크로스,2021
1428,인탑스,2021
1429,인터로조,2021
1430,인터플렉스,2021
1431,인텍플러스,2021
1432,인텔리안테크,2021
1433,인트로메딕,2021
1434,인트론바이오,2021
1435,인팩,2021
1436,인포마크,2021
1437,인포바인,2021
1438,인포뱅크,2021
1439,인피니트헬스케어,2021
1440,인화정공,2021
1441,일동제약,2021
1442,일동홀딩스,2021
1443,일신바이오,2021
1444,일신방직,2021
1445,일신석재,2021
1446,일야,2021
1447,일양약품,2021
1448,일정실업,2021
1449,일지테크,2021
1450,일진다이아,2021
1451,일진디스플,2021
1452,일진머티리얼즈,2021
1453,일진전기,2021
1454,일진파워,2021
1455,일진하이솔루스,2021
1456,일진홀딩스,2021
1457,잇츠한불,2021
1458,잉크테크,2021
1459,자연과환경,2021
1460,자이글,2021
1461,자이언트스텝,2021
1462,자이에스앤디,2021
1463,자화전자,2021
1464,재영솔루텍,2021
1465,전방,2021
1466,전진바이오팜,2021
1467,정상제이엘에스,2021
1468,제너셈,2021
1469,제넥신,2021
1470,제넨바이오,2021
1471,제노레이,2021
1472,제노텍,2021
1473,제노포커스,2021
1474,제놀루션,2021
1475,제닉,2021
1476,제로투세븐,2021
1477,제룡산업,2021
1478,제우스,2021
1479,제이브이엠,2021
1480,제이스코홀딩스,2021
1481,제이스텍,2021
1482,제이시스메디칼,2021
1483,제이씨케미칼,2021
1484,제이씨현시스템,2021
1485,제이알글로벌리츠,2021
1486,제이앤티씨,2021
1487,제이에스코퍼레이션,2021
1488,제이에스티나,2021
1489,제이엔케이히터,2021
1490,제이엘케이,2021
1491,제이엠멀티,2021
1492,제이엠아이,2021
1493,제이엠티,2021
1494,제이웨이,2021
1495,제이준코스메틱,2021
1496,제일기획,2021
1497,제일약품,2021
1498,제일연마,2021
1499,제일전기공업,2021
1500,제일테크노스,2021
1501,제일파마홀딩스,2021
1502,제주맥주,2021
1503,제주항공,2021
1504,제테마,2021
1505,젠큐릭스,2021
1506,젬,2021
1507,젬백스,2021
1508,젬백스링크,2021
1509,조광ILI,2021
1510,조광페인트,2021
1511,조광피혁,2021
1512,조비,2021
1513,조선내화,2021
1514,조선선재,2021
1515,조아제약,2021
1516,조이시티,2021
1517,조일알미늄,2021
1518,조흥,2021
1519,종근당,2021
1520,종근당바이오,2021
1521,종근당홀딩스,2021
1522,좋은사람들,2021
1523,주성엔지니어링,2021
1524,주연테크,2021
1525,줌인터넷,2021
1526,중앙디앤엠,2021
1527,중앙백신,2021
1528,지나인제약,2021
1529,지놈앤컴퍼니,2021
1530,지누스,2021
1531,지니너스,2021
1532,지니뮤직,2021
1533,지니언스,2021
1534,지니틱스,2021
1535,지더블유바이텍,2021
1536,지씨셀,2021
1537,지아이텍,2021
1538,지앤비에스엔지니어링,2021
1539,지앤이헬스케어,2021
1540,지어소프트,2021
1541,지엔씨에너지,2021
1542,지엔코,2021
1543,지엘팜텍,2021
1544,지역난방공사,2021
1545,지오엘리먼트,2021
1546,지투알,2021
1547,지투파워,2021
1548,지티지웰니스,2021
1549,진도,2021
1550,진매트릭스,2021
1551,진바이오텍,2021
1552,진성티이씨,2021
1553,진시스템,2021
1554,진양산업,2021
1555,진양제약,2021
1556,진양폴리,2021
1557,진양홀딩스,2021
1558,진양화학,2021
1559,진에어,2021
1560,진원생명과학,2021
1561,진코스텍,2021
1562,질경이,2021
1563,차백신연구소,2021
1564,참존글로벌,2021
1565,창해에탄올,2021
1566,천일고속,2021
1567,청광건설,2021
1568,체리부로,2021
1569,초록뱀미디어,2021
1570,초록뱀컴퍼니,2021
1571,초록뱀헬스케어,2021
1572,칩스앤미디어,2021
1573,카나리아바이오,2021
1574,카스,2021
1575,카이노스메드,2021
1576,카카오게임즈,2021
1577,카카오페이,2021
1578,카페24,2021
1579,카프로,2021
1580,캐리소프트,2021
1581,캐스텍코리아,2021
1582,캠시스,2021
1583,커머스마이너,2021
1584,컨버즈,2021
1585,컴투스,2021
1586,컴투스홀딩스,2021
1587,컴퍼니케이,2021
1588,케어랩스,2021
1589,케어젠,2021
1590,케이비아이동국실업,2021
1591,케이비제20호스팩,2021
1592,케이사인,2021
1593,케이씨,2021
1594,케이씨텍,2021
1595,케이씨피드,2021
1596,케이아이엔엑스,2021
1597,케이에스피,2021
1598,케이엔더블유,2021
1599,케이엔제이,2021
1600,케이엠더블유,2021
1601,케이엠제약,2021
1602,케이옥션,2021
1603,케이카,2021
1604,케이탑리츠,2021
1605,케이티알파,2021
1606,케이프,2021
1607,케이프이에스제4호,2021
1608,케이피에프,2021
1609,케이피티유,2021
1610,케일럼,2021
1611,켄코아에어로스페이스,2021
1612,켈스,2021
1613,켐트로스,2021
1614,코나솔,2021
1615,코나아이,2021
1616,코닉오토메이션,2021
1617,코다코,2021
1618,코데즈컴바인,2021
1619,코드네이처,2021
1620,코디,2021
1621,코디엠,2021
1622,코람코더원리츠,2021
1623,코람코에너지리츠,2021
1624,코렌텍,2021
1625,코리아센터,2021
1626,코리아써키트,2021
1627,코리아에셋투자증권,2021
1628,코리아에프티,2021
1629,코맥스,2021
1630,코메론,2021
1631,코미팜,2021
1632,코세스,2021
1633,코셋,2021
1634,코스맥스,2021
1635,코스맥스비티아이,2021
1636,코스맥스엔비티,2021
1637,코스메카코리아,2021
1638,코스모신소재,2021
1639,코스모화학,2021
1640,코스온,2021
1641,코스텍시스템,2021
1642,코아스,2021
1643,코아스템,2021
1644,코아시아,2021
1645,코아시아옵틱스,2021
1646,코엔텍,2021
1647,코오롱,2021
1648,코오롱글로벌,2021
1649,코오롱생명과학,2021
1650,코오롱인더,2021
1651,코오롱티슈진,2021
1652,코오롱플라스틱,2021
1653,코원플레이,2021
1654,코웨이,2021
1655,코위버,2021
1656,코윈테크,2021
1657,코이즈,2021
1658,코퍼스코리아,2021
1659,코프라,2021
1660,콘텐트리중앙,2021
1661,콜마비앤에이치,2021
1662,콤텍시스템,2021
1663,쿠콘,2021
1664,쿠쿠홀딩스,2021
1665,쿠쿠홈시스,2021
1666,퀀타매트릭스,2021
1667,큐라클,2021
1668,큐렉소,2021
1669,큐로,2021
1670,큐로컴,2021
1671,큐로홀딩스,2021
1672,큐리언트,2021
1673,큐에스아이,2021
1674,큐엠씨,2021
1675,큐캐피탈,2021
1676,크라운제과,2021
1677,크라운해태홀딩스,2021
1678,크래프톤,2021
1679,크레버스,2021
1680,크로넥스,2021
1681,크로바하이텍,2021
1682,크루셜텍,2021
1683,크리스에프앤씨,2021
1684,크리스탈지노믹스,2021
1685,크린앤사이언스,2021
1686,클라우드에어,2021
1687,클리노믹스,2021
1688,클리오,2021
1689,키네마스터,2021
1690,키다리스튜디오,2021
1691,키움증권,2021
1692,키이스트,2021
1693,타스컴,2021
1694,타이거일렉,2021
1695,타임기술,2021
1696,탑선,2021
1697,탑코미디어,2021
1698,태경비케이,2021
1699,태경케미컬,2021
1700,태림포장,2021
1701,태양기계,2021
1702,태영건설,2021
1703,태웅로직스,2021
1704,태원물산,2021
1705,태평양물산,2021
1706,테고사이언스,2021
1707,테라사이언스,2021
1708,테라셈,2021
1709,테라젠이텍스,2021
1710,테이팩스,2021
1711,테크엔,2021
1712,테크윙,2021
1713,테크트랜스,2021
1714,텔레칩스,2021
1715,텔레필드,2021
1716,텔코웨어,2021
1717,텔콘RF제약,2021
1718,토니모리,2021
1719,토마토시스템,2021
1720,토비스,2021
1721,토탈소프트,2021
1722,톱텍,2021
1723,투비소프트,2021
1724,툴젠,2021
1725,트루윈,2021
1726,트윔,2021
1727,특수건설,2021
1728,티라유텍,2021
1729,티로보틱스,2021
1730,티비씨,2021
1731,티사이언티픽,2021
1732,티씨케이,2021
1733,티앤알바이오팹,2021
1734,티앤엘,2021
1735,티에스넥스젠,2021
1736,티에스이,2021
1737,티에이치엔,2021
1738,티엘비,2021
1739,티와이홀딩스,2021
1740,티움바이오,2021
1741,티웨이항공,2021
1742,티웨이홀딩스,2021
1743,티케이케미칼,2021
1744,티플랙스,2021
1745,티피씨글로벌,2021
1746,틸론,2021
1747,팅크웨어,2021
1748,파나케이아,2021
1749,파라다이스,2021
1750,파멥신,2021
1751,파버나인,2021
1752,파세코,2021
1753,파수,2021
1754,파워로직스,2021
1755,파워풀엑스,2021
1756,파이버프로,2021
1757,파이오링크,2021
1758,파인디지털,2021
1759,파인테크닉스,2021
1760,파인텍,2021
1761,파커스,2021
1762,파크시스템스,2021
1763,파트론,2021
1764,판도라티비,2021
1765,팜스빌,2021
1766,팜스코,2021
1767,팜스토리,2021
1768,팜젠사이언스,2021
1769,패션플랫폼,2021
1770,팬스타엔터프라이즈,2021
1771,팬엔터테인먼트,2021
1772,팬오션,2021
1773,팬젠,2021
1774,퍼시스,2021
1775,펄어비스,2021
1776,펌텍코리아,2021
1777,페이퍼코리아,2021
1778,펨토바이오메드,2021
1779,펩트론,2021
1780,포메탈,2021
1781,포스코 ICT,2021
1782,포스코스틸리온,2021
1783,포스코엠텍,2021
1784,포스코인터내셔널,2021
1785,포커스에이치엔에스,2021
1786,폴라리스세원,2021
1787,폴라리스우노,2021
1788,푸드나무,2021
1789,푸드웰,2021
1790,푸른기술,2021
1791,푸른저축은행,2021
1792,풀무원,2021
1793,풍국주정,2021
1794,풍산,2021
1795,풍원정밀,2021
1796,퓨런티어,2021
1797,퓨쳐메디신,2021
1798,퓨쳐켐,2021
1799,프럼파스트,2021
1800,프레스티지바이오로직스,2021
1801,프로스테믹스,2021
1802,프로이천,2021
1803,프로테옴텍,2021
1804,프로텍,2021
1805,프롬바이오,2021
1806,프리시젼바이오,2021
1807,프리엠스,2021
1808,플래스크,2021
1809,플래티어,2021
1810,플랜티넷,2021
1811,플럼라인생명과학,2021
1812,플레이그램,2021
1813,플레이디,2021
1814,플레이위드,2021
1815,플리토,2021
1816,피노텍,2021
1817,피씨디렉트,2021
1818,피씨엘,2021
1819,피앤씨테크,2021
1820,피에스엠씨,2021
1821,피에스케이,2021
1822,피에이치에이,2021
1823,피엔아이컴퍼니,2021
1824,피엔에이치테크,2021
1825,피엔케이피부임상연구센타,2021
1826,피제이메탈,2021
1827,피제이전자,2021
1828,피코그램,2021
1829,피플바이오,2021
1830,피피아이,2021
1831,픽셀플러스,2021
1832,필옵틱스,2021
1833,핌스,2021
1834,핑거,2021
1835,하나금융14호스팩,2021
1836,하나금융15호스팩,2021
1837,하나금융16호스팩,2021
1838,하나금융19호스팩,2021
1839,하나금융20호스팩,2021
1840,하나금융21호스팩,2021
1841,하나마이크론,2021
1842,하나머스트7호스팩,2021
1843,하나머티리얼즈,2021
1844,하나제약,2021
1845,하나투어,2021
1846,하림,2021
1847,하림지주,2021
1848,하이딥,2021
1849,하이로닉,2021
1850,하이록코리아,2021
1851,하이소닉,2021
1852,하이스틸,2021
1853,하이제6호스팩,2021
1854,하이제7호스팩,2021
1855,하이즈항공,2021
1856,하이텍팜,2021
1857,하이트진로,2021
1858,하이트진로홀딩스,2021
1859,하인크코리아,2021
1860,하츠,2021
1861,한국가구,2021
1862,한국경제TV,2021
1863,한국공항,2021
1864,한국금융지주,2021
1865,한국기업평가,2021
1866,한국내화,2021
1867,한국단자,2021
1868,한국맥널티,2021
1869,한국미라클피플사,2021
1870,한국비엔씨,2021
1871,한국선재,2021
1872,한국수출포장,2021
1873,한국쉘석유,2021
1874,한국알콜,2021
1875,한국앤컴퍼니,2021
1876,한국유니온제약,2021
1877,한국자산신탁,2021
1878,한국전자금융,2021
1879,한국전자인증,2021
1880,한국전자홀딩스,2021
1881,한국정밀기계,2021
1882,한국정보공학,2021
1883,한국정보인증,2021
1884,한국정보통신,2021
1885,한국제10호스팩,2021
1886,한국조선해양,2021
1887,한국종합기술,2021
1888,한국주강,2021
1889,한국주철관,2021
1890,한국철강,2021
1891,한국카본,2021
1892,한국캐피탈,2021
1893,한국컴퓨터,2021
1894,한국코퍼레이션,2021
1895,한국콜마,2021
1896,한국콜마홀딩스,2021
1897,한국큐빅,2021
1898,한국타이어앤테크놀로지,2021
1899,한국테크놀로지,2021
1900,한국토지신탁,2021
1901,한국특강,2021
1902,한국파마,2021
1903,한국팩키지,2021
1904,한국프랜지,2021
1905,한국항공우주,2021
1906,한국화장품,2021
1907,한국화장품제조,2021
1908,한글과컴퓨터,2021
1909,한네트,2021
1910,한농화성,2021
1911,한독크린텍,2021
1912,한라IMS,2021
1913,한미글로벌,2021
1914,한미반도체,2021
1915,한미사이언스,2021
1916,한미약품,2021
1917,한빛소프트,2021
1918,한샘,2021
1919,한섬,2021
1920,한성기업,2021
1921,한세실업,2021
1922,한세엠케이,2021
1923,한세예스24홀딩스,2021
1924,한솔로지스틱스,2021
1925,한솔인티큐브,2021
1926,한솔제지,2021
1927,한솔케미칼,2021
1928,한솔테크닉스,2021
1929,한솔홀딩스,2021
1930,한솔홈데코,2021
1931,한송네오텍,2021
1932,한신공영,2021
1933,한양디지텍,2021
1934,한양이엔지,2021
1935,한온시스템,2021
1936,한올바이오파마,2021
1937,한일네트웍스,2021
1938,한일단조,2021
1939,한일사료,2021
1940,한일시멘트,2021
1941,한일진공,2021
1942,한일철강,2021
1943,한일현대시멘트,2021
1944,한일홀딩스,2021
1945,한일화학,2021
1946,한전KPS,2021
1947,한전산업,2021
1948,한중엔시에스,2021
1949,한진,2021
1950,한진중공업홀딩스,2021
1951,한진칼,2021
1952,한창바이오텍,2021
1953,한창산업,2021
1954,한창제지,2021
1955,한컴라이프케어,2021
1956,한컴위드,2021
1957,한화,2021
1958,한화손해보험,2021
1959,한화솔루션,2021
1960,한화시스템,2021
1961,한화에어로스페이스,2021
1962,한화플러스제2호스팩,2021
1963,해성디에스,2021
1964,해성산업,2021
1965,해성옵틱스,2021
1966,해성티피씨,2021
1967,해태제과식품,2021
1968,핸디소프트,2021
1969,핸즈코퍼레이션,2021
1970,헥토이노베이션,2021
1971,헥토파이낸셜,2021
1972,헬릭스미스,2021
1973,현대건설,2021
1974,현대공업,2021
1975,현대그린푸드,2021
1976,현대글로비스,2021
1977,현대두산인프라코어,2021
1978,현대로템,2021
1979,현대무벡스,2021
1980,현대미포조선,2021
1981,현대바이오,2021
1982,현대바이오랜드,2021
1983,현대백화점,2021
1984,현대비앤지스틸,2021
1985,현대약품,2021
1986,현대에너지솔루션,2021
1987,현대에버다임,2021
1988,현대에이치티,2021
1989,현대엘리베이,2021
1990,현대오토에버,2021
1991,현대위아,2021
1992,현대이지웰,2021
1993,현대일렉트릭,2021
1994,현대제철,2021
1995,현대중공업,2021
1996,현대차증권,2021
1997,현대코퍼레이션홀딩스,2021
1998,현대퓨처넷,2021
1999,현대홈쇼핑,2021
2000,현우산업,2021
2001,협진,2021
2002,형지I&C,2021
2003,혜인,2021
2004,호전실업,2021
2005,호텔신라,2021
2006,홈센타홀딩스,2021
2007,홈캐스트,2021
2008,화성밸브,2021
2009,화승알앤에이,2021
2010,화승엔터프라이즈,2021
2011,화승인더,2021
2012,화승코퍼레이션,2021
2013,화인베스틸,2021
2014,화일약품,2021
2015,화천기계,2021
2016,환인제약,2021
2017,황금에스티,2021
2018,효성,2021
2019,효성ITX,2021
2020,효성중공업,2021
2021,효성첨단소재,2021
2022,효성티앤씨,2021
2023,효성화학,2021
2024,휠라홀딩스,2021
2025,휴네시온,2021
2026,휴니드,2021
2027,휴럼,2021
2028,휴림로봇,2021
2029,휴마시스,2021
2030,휴맥스,2021
2031,휴맥스홀딩스,2021
2032,휴먼엔,2021
2033,휴벡셀,2021
2034,휴비츠,2021
2035,휴센텍,2021
2036,휴스틸,2021
2037,휴온스,2021
2038,휴온스글로벌,2021
2039,휴젤,2021
2040,흥구석유,2021
2041,흥아해운,2021
2042,희림,2021
2043,힘스,2021
2044,CJ 바이오사이언스,2021
2045,KD,2021
2046,SK증권,2021
2047,SK텔레콤,2021
2048,기업은행,2021
2049,나눔테크,2021
2050,네오이뮨텍,2021
2051,다날,2021
2052,대영포장,2021
2053,대우부품,2021
2054,대원전선,2021
2055,동국제약,2021
2056,동원개발,2021
2057,디오,2021
2058,디와이,2021
2059,메리츠증권,2021
2060,명문제약,2021
2061,미래에셋생명,2021
2062,미투젠,2021
2063,바다로19호,2021
2064,바텍,2021
2065,사조씨푸드,2021
2066,삼성증권,2021
2067,삼호개발,2021
2068,상상인,2021
2069,서연탑메탈,2021
2070,서울리거,2021
2071,소마젠,2021
2072,스킨앤스킨,2021
2073,스튜디오산타클로스,2021
2074,시노펙스,2021
2075,아남전자,2021
2076,애머릿지,2021
2077,얼라인드,2021
2078,에스티오,2021
2079,에이치엘사이언스,2021
2080,엑세스바이오,2021
2081,엘앤씨바이오,2021
2082,엘오티베큠,2021
2083,엠케이전자,2021
2084,오스코텍,2021
2085,와이제이엠게임즈,2021
2086,와이지-원,2021
2087,우리금융지주,2021
2088,유진투자증권,2021
2089,이노벡스,2021
2090,이베스트투자증권,2021
2091,이수페타시스,2021
2092,인베니아,2021
2093,인터지스,2021
2094,잉글우드랩,2021
2095,정원엔시스,2021
2096,제노코,2021
2097,제룡전기,2021
2098,제주반도체,2021
2099,지노믹트리,2021
2100,케스피온,2021
2101,케이피엠테크,2021
2102,코미코,2021
2103,코콤,2021
2104,파마리서치,2021
2105,파마리서치바이오,2021
2106,포인트엔지니어링,2021
2107,폴라리스오피스,2021
2108,하나금융지주,2021
2109,한국가스공사,2021
2110,한국전력,2021
2111,한라홀딩스,2021
2112,한양증권,2021
2113,한전기술,2021
2114,현대건설기계,2021
2115,현대모비스,2021
2116,휴메딕스,2021
